id,user_id,point_id,standard_id,date,peak_vektor_std,time,transversal_freq,vertical_freq,longitudinal_freq,transversal_ppv,vertical_ppv,longitudinal_ppv,peak_vektor,noise_level,blast_location,weather,sampler,remarks
1,1,5,8,2015-05-07,7,12:28:17,Not trigered,Not trigered,Not trigered,Not trigered,Not trigered,Not trigered,Not trigered,Not trigered,Araen Pit,-,CR/RH,-
1,1,5,8,2015-05-23,7,12:00:00,Not trigered,Not trigered,Not trigered,Not trigered,Not trigered,Not trigered,Not trigered,Not trigered,Araren Pit,-,AL,-
1,1,5,8,2015-05-26,7,12:00:00,Not trigered,Not trigered,Not trigered,Not trigered,Not trigered,Not trigered,Not trigered,Not trigered,Araren Pit,-,RT/BK,-
1,1,5,8,2015-05-29,7,12:00:00,Not trigered,Not trigered,Not trigered,Not trigered,Not trigered,Not trigered,Not trigered,Not trigered,Araren Pit,-,CR,-
1,1,5,8,2015-06-03,7,12:42:05,26.0,17.0,11.0,65.000,81.500,68.600,90.800,105.1,Araren Pit,-,CR,-
1,1,5,8,2015-06-11,7,12:15:00,Not trigered,Not trigered,Not trigered,Not trigered,Not trigered,Not trigered,Not trigered,Not trigered,Araren Pit,-,AP/CR/AL,-
1,1,5,8,2015-06-16,7,12:15:00,Not trigered,Not trigered,Not trigered,Not trigered,Not trigered,Not trigered,Not trigered,Not trigered,Araren Pit,-,RH/CR,-
1,1,5,8,2015-06-19,7,12:15:00,Not trigered,Not trigered,Not trigered,Not trigered,Not trigered,Not trigered,Not trigered,Not trigered,Araren Pit,-,AP/AL,-
1,1,5,8,2015-06-22,7,12:21:13,9.1,13.0,3.9,116.000,170.000,146.000,222.000,90.8,Araren Pit,-,AP/AL,-
1,1,5,8,2015-06-24,7,12:12:35,12.0,11.0,21.0,32.800,12.400,38.200,38.800,100.2,Araren Pit,-,AP/AL,-
1,1,5,8,2015-06-29,7,12:00:00,Not trigered,Not trigered,Not trigered,Not trigered,Not trigered,Not trigered,Not trigered,Not trigered,Araren Pit,-,RT/BK,-
1,1,5,8,2015-07-07,7,12:30:36,13.0,9.1,11.0,N/A,N/A,N/A,N/A,87.6,Araren Pit,-,AL/RH,-
1,1,5,8,2015-07-10,7,12:14:04,7.1,9.0,9.3,out of range,out of range,out of range,N/A,71.1,Araren Pit,-,RH/RT/BK,-
1,1,5,8,2015-07-15,7,12:17:11,18.0,9.5,10.0,55.50,45.10,54.50,64.00,95.0,Araen Pit,Bright,RH/RT/BK,-
1,1,5,8,2015-08-03,7,12:00:00,-,-,-,-,-,-,-,-,Blambangan & Araren Pit,Bright,-,Monitoring at Tinerungan and Pinasungkulan 
1,1,5,8,2015-08-04,7,12:00:00,-,-,-,-,-,-,-,-,Blambangan & Araren Pit,Bright,-,Monitoring at Tinerungan and Pinasungkulan 
1,1,5,8,2015-08-05,7,12:28:12,12.0,16.0,18.0,13.30,5.27,8.18,13.50,91.4,Araren Pit,Bright,-,-
1,1,5,8,2015-08-08,7,12:00:00,-,-,-,-,-,-,-,-,Blambangan & Araren Pit,Bright,-,Monitoring at Tinerungan and kayuwale
1,1,5,8,2015-08-11,7,12:27:06,12.0,13.0,10.0,out of range,out of range,out of range,out of range,96.4,Araren Pit,Bright,AL/RT/BK,-
1,1,5,8,2015-08-14,7,12:43:58,12.0,6.9,8.3,out of range,19.90,out of range,out of range,86.8,Araren Pit,Bright,DA/RT/RH,-
1,1,5,8,2015-08-18,7,12:25:56,17.0,20.0,19.0,5.35,2.87,4.67,5.83,93.2,Araren Pit,Bright,AL/CR/BK,-
1,1,5,8,2015-08-26,7,12:00:00,-,-,-,-,-,-,-,-,Araren Pit,Bright,RH/RT/BK,Blast monitoring at Tinerungan & Kayuwale
1,1,5,8,2015-09-05,7,12:25:19,9.7,10.0,13.0,23.80,12.40,17.80,24.10,91.7,Araren Pit,Bright,-,-
1,1,5,8,2015-09-09,7,12:23:04,-,-,-,-,-,-,-,-,Araren Pit,Bright,-,Blast monitoring at Tinerungan & Kayuwale
1,1,5,8,2015-09-16,7,12:21:17,16.0,20.0,12.0,3.780,2.830,3.830,4.050,76.8,Araren Pit,Bright,AP/DA,-
1,1,5,8,2015-09-17,7,12:32:23,10.0,20.0,9.8,out of range,22.400,out of range,out of range,73.7,Araren Pit,Bright,AP/AL/CR,-
1,1,5,8,2015-09-19,7,12:00:32,15.0,13.0,6.9,out of range,28.900,out of range,out of range,81.4,Araren Pit,Bright,-,-
1,1,5,8,2015-09-21,7,11:55:04,12.0,17.0,14.0,50.200,26.000,30.200,50.200,68.3,Araren Pit,Bright,RT/RH,-
1,1,5,8,2015-09-22,7,11:58:27,10.0,8.3,15.0,59.400,40.800,58.8,66.500,75.7,Araren Pit,Bright,AL/CR/RH,-
1,1,5,8,2015-09-25,7,12:19:51,11.0,8.3,11.0,14.900,9.650,10.9,17.100,66.1,Araren Pit,Bright,DA/AL,-
1,1,5,8,2015-09-28,7,12:37:49,10.0,9.8,20.0,9.140,5.840,8.8,9.490,77.1,Araren Pit,Bright,DA/RT/BK,-
1,1,5,8,2015-10-02,7,12:27:01,10.0,9.7,7.2,20.3,7.75,10,20.4,89.5,Araren Pit,Bright,DA/CR,-
1,1,5,8,2015-10-06,7,12:25:03,8.4,16,8.5,4.57,1.65,3.3,4.69,102.4,Araren Pit,Bright,RT/BK,-
1,1,5,8,2015-10-08,7,12:24:46,10.0,28,26,0.889,0.635,0.889,0.976,87.9,Araren Pit,Bright,AL/CR,-
1,1,5,8,2015-10-12,7,12:18:54,8.1,18,7.3,8.64,6.1,10.5,12.8,87.5,Araren Pit,Bright,RT/RH,-
1,1,5,8,2015-10-22,7,12:23:22,9.7,11,11,3.56,1.78,4.32,4.38,79.7,Araren Pit,Bright,-,-
1,1,5,8,2015-10-24,7,12:19:55,13.0,5.8,8.8,4.57,2.03,3.56,4.74,77.6,Araren Pit,Bright,-,-
1,1,5,8,2015-10-26,7,12:33:54,7.3,7.5,7.6,9.14,6.98,8,10.5,57.5,Araren Pit,Bright,-,-
1,1,5,8,2015-10-27,7,12:29:40,9.5,19,6.6,5.59,4.95,5.71,7.75,65.4,Araren Pit,Bright,RT/RH/BK,-
1,1,5,8,2015-10-28,7,12:38:22,7.1,18,15,8.64,10,6.86,11.3,83,Araren Pit,Bright,AP/RT,-
1,1,5,8,2015-10-29,7,12:38:33,16.0,17,12,9.78,12.8,11.8,14.7,67.6,Araren Pit,Bright,RH/BK/RT,-
1,1,5,8,2015-10-30,7,12:30:01,15.0,24,12,1.65,0.762,1.9,1.96,59.7,Araren Pit,Bright,RH/BK,-
1,1,5,8,2015-10-31,7,12:29:57,13.0,15,13,10.2,12.4,10.8,13.9,76.2,Araren Pit,Bright,RH/BK,-
1,1,5,8,2015-11-02,7,12:25:02,8.3,14,9.7,27.2,22.7,21,30.8,90.2,Araren Pit,Bright,AP/AL/CR,-
1,1,5,8,2015-11-04,7,12:27:42,28.0,26,23,0.508,0.635,0.635,0.852,75,Araren Pit,Bright,RT/CR,-
1,1,5,8,2015-11-09,7,12:00:00,Not trigered,Not trigered,Not trigered,Not trigered,Not trigered,Not trigered,Not trigered,Not trigered,Araren Pit,Bright,AL/CR,-
1,1,5,8,2015-11-13,7,12:29:04,13.0,15,8,3.94,1.65,2.41,4.17,57.8,Araren Pit,Bright,RH/BK,-
1,1,5,8,2015-11-14,7,12:24:06,6.2,21,8.3,4.06,2.54,2.41,4.37,78,Araren Pit,Bright,RH/RT/BK,-
1,1,5,8,2015-11-16,7,12:24:06,14.0,11,11,9.27,4.06,9.14,10.3,91.4,Araren Pit,Bright,DA/AL,-
1,1,5,8,2015-11-17,7,12:26:44,11.0,12,7.9,2.92,1.9,2.79,3.91,55.7,Araren Pit,Bright,AL/RT/RH,-
1,1,5,8,2015-11-18,7,12:25:54,7.1,7.5,7.5,14.0,8.64,19,19.7,87,Araren Pit,Bright,AL/RT/RH,-
1,1,5,8,2015-11-19,7,12:26:26,7.1,7.4,7.4,4.95,4.44,4.7,6.47,80.1,Araren Pit,Rain,RT/BK/RH,-
1,1,5,8,2015-11-21,7,12:25:24,21.0,34,37,26,19.4,26.9,30,79.4,Araren Pit,Bright,RT/RH,-
1,1,5,8,2015-11-23,7,12:23:29,9.0,15,13,6.48,5.59,6.73,8.15,5.77,Araren Pit,Bright,AL/CR,-
1,1,5,8,2015-11-24,7,12:25:27,5.2,13,13,30.1,21.2,22.2,31.3,75.9,Araren Pit,Bright,RT/BK/RH,-
1,1,5,8,2015-11-26,7,12:24:35,16.0,13,10,34.5,13.5,16.8,35.6,86.7,Araren Pit,Bright,RT/BK/RH,-
1,1,5,8,2015-11-27,7,12:27:46,16.0,24,14,4.19,3.3,5.59,6.04,62.6,Araren Pit,Bright,RT/BK/RH,-
1,1,5,8,2015-11-28,7,12:24:48,15.0,18,17,11.4,7.37,5.71,12.2,70.5,Araren Pit,Bright,RT/BK/RH,-
1,1,5,8,2015-11-30,7,12:25:42,7.6,15,12,10.3,10,14.6,14.8,70.4,Araren Pit,Bright,AL/CR,-
1,1,5,8,2015-12-01,7,12:27:27,Not trigered,Not trigered,Not trigered,Not trigered,Not trigered,Not trigered,Not trigered,Not trigered,Araren Pit,Bright,AL/CR,-
1,1,5,8,2015-12-02,7,12:22:47,17.0,17,17,1.78,1.9,2.41,2.53,67.6,Araren Pit,Bright,BK/CR,-
1,1,5,8,2015-12-03,7,12:24:05,8.1,10,26,12.2,11.8,19.9,20.8,81.3,Araren Pit,Bright,BK/CR,-
1,1,5,8,2015-12-04,7,12:24:25,17.0,20,17,38,25.9,48,58.7,73.6,Araren Pit,Bright,BK/RT/RH,-
1,1,5,8,2015-12-05,7,12:23:56,13.0,23,18,6.6,10.9,13.3,13.6,66.8,Araren Pit,Bright,BK/RT/RH,-
1,1,5,8,2015-12-11,7,12:31:21,12.0,13,14,4.32,8.13,6.35,10,66.1,Araren Pit,Bright,BK/RT/RH,-
1,1,5,8,2015-12-12,7,12:24:09,6.5,13,5.8,5.46,2.03,4.57,5.63,54,Araren Pit,Bright,BK/RT/RH,-
1,1,5,8,2015-12-14,7,12:32:21,17.0,26,20,2.79,2.16,3.56,3.67,73.1,Araren Pit,Rain,AL/CR,-
1,1,5,8,2015-12-15,7,12:23:13,13.0,13,17,2.92,2.92,5.33,5.55,73.8,Araren Pit,Rain,AL/CR,-
1,1,5,8,2015-12-17,7,12:25:01,11.0,9.7,14,4.95,3.94,4.19,5.78,78.4,Araren Pit,Cloudy,AL/RH/CR,-
1,1,5,8,2015-12-18,7,12:25:55,14.0,19,18,7.37,4.19,7.62,7.99,61.7,Araren Pit,Cloudy,RH/RT/BK,-
1,1,5,8,2015-12-19,7,12:23:08,19.0,7.3,14,1.78,1.4,1.4,1.93,55.7,Araren Pit,Cloudy,RH/BK,-
1,1,5,8,2015-12-21,7,12:25:52,17.0,17,19,8,5.71,10.9,11,75.9,Araren Pit,Cloudy,AL,-
1,1,5,8,2015-12-22,7,12:26:27,20.0,20,22,7.37,4.95,6.35,7.68,67.8,Araren Pit,Cloudy,AL/BK,-
1,1,5,8,2015-12-23,7,12:25:18,39.0,43,34,14.4,8.13,18.4,21.4,75.5,Araren Pit,Cloudy,AL/AI,-
1,1,5,8,2015-12-28,7,12:35:22,6.3,8.1,5.6,3.81,1.65,3.68,3.86,76.1,Araren Pit,Cloudy,RH/CR,-
1,1,5,8,2016-01-06,7,12:24:38,Not trigered,Not trigered,Not trigered,Not trigered,Not trigered,Not trigered,Not trigered,Not trigered,Araren Pit,-,AP/BK,-
1,1,5,8,2016-01-08,7,12:23:29,20.0,37,26,1.4,1.02,1.52,1.57,62.3,Araren Pit,Cloudy,AL/CR,-
1,1,5,8,2016-01-09,7,12:22:21,27.0,14,18,3.3,2.29,4.7,5.68,71.3,Araren Pit,Bright,AP/DA,-
1,1,5,8,2016-01-13,7,12:20:31,18.0,5.4,20,18.9,18,26.5,31.2,73.9,Araren Pit,Bright,RT/CR/BK,-
1,1,5,8,2016-01-14,7,12:21:34,20.0,24,13,20.6,12.3,19.2,21.9,79.8,Araren Pit,Bright,AL/CR,-
1,1,5,8,2016-01-15,7,12:22:19,22.0,6.8,20,16.4,13.3,12.8,19.6,73.5,Araren Pit,Bright,CR,-
1,1,5,8,2016-01-16,7,12:20:22,22.0,26,20,40.8,21.1,42.2,54.2,72.4,Araren Pit,Bright,AL/CR,-
1,1,5,8,2016-01-20,7,12:20:22,Not trigered,Not trigered,Not trigered,Not trigered,Not trigered,Not trigered,Not trigered,Not trigered,Araren Pit,Bright,AL/CR,-
1,1,5,8,2016-01-21,7,12:20:22,Not trigered,Not trigered,Not trigered,Not trigered,Not trigered,Not trigered,Not trigered,Not trigered,Araren Pit,Bright,AL/CR,-
1,1,5,8,2016-01-22,7,12:20:22,Not trigered,Not trigered,Not trigered,Not trigered,Not trigered,Not trigered,Not trigered,Not trigered,Araren Pit,Bright,AL/CR,-
1,1,5,8,2016-01-25,7,12:18:59,5.2,2.03,5.08,28,17,14,7.23,88.4,Araren Pit,Bright,-,-
1,1,5,8,2016-01-26,7,12:19:42,6.1,2.54,4.83,21,27,22,6.15,76.4,Araren Pit,Bright,RT/CR/BK,-
1,1,5,8,2016-01-28,7,12:21:45,2.4,1.65,3.94,16,18,16,4.02,73,Araren Pit,Bright,RT/CR/BK,-
1,1,5,8,2016-02-01,7,12:18:20,17.0,7,19,4.44,1.9,3.56,4.86,66.8,Araren Pit,Bright,DA/RT,-
1,1,5,8,2016-02-02,7,12:14:51,23.0,28,26,1.65,1.02,2.29,2.69,68.1,Araren Pit,Bright,DA/RT,-
1,1,5,8,2016-02-03,7,12:19:25,Not trigered,Not trigered,Not trigered,Not trigered,Not trigered,Not trigered,Not trigered,Not trigered,Araren Pit,Rain,RH/RT/CR,-
1,1,5,8,2016-02-05,7,12:19:25,Not trigered,Not trigered,Not trigered,Not trigered,Not trigered,Not trigered,Not trigered,Not trigered,Araren Pit,Cloudy,CR,-
1,1,5,8,2016-02-08,7,12:30:00,Not trigered,Not trigered,Not trigered,Not trigered,Not trigered,Not trigered,Not trigered,Not trigered,Araren Pit,Cloudy,DA/RT,-
1,1,5,8,2016-02-11,7,12:19:00,18,20,20,10.40,4.06,8.00,10.9,82.1,Araren Pit,Bright,RH/RT/BK,-
1,1,5,8,2016-02-12,7,12:24:03,14,17,23,1.78,1.14,1.52,1.9,81.4,Araren Pit,Bright,RH/RT/BK,-
1,1,5,8,2016-02-13,7,12:30:00,Not trigered,Not trigered,Not trigered,Not trigered,Not trigered,Not trigered,Not trigered,Not trigered,Araren Pit,Bright,AL/CR,-
1,1,5,8,2016-02-15,7,16:44:22,24,27,26,9.02,4.95,10.90,11.7,73.2,Araren Pit,Bright,RH/RT,-
1,1,5,8,2016-02-16,7,12:18:50,20,20,24,3.30,1.90,2.67,3.55,77.1,Araren Pit,Bright,AP/AL,-
1,1,5,8,2016-02-17,7,12:20:50,20,19,18,17.90,11.70,20.80,23.7,76.4,Araren Pit,Bright,AP/AL,-
1,1,5,8,2016-02-18,7,12:00:00,Not trigered,Not trigered,Not trigered,Not trigered,Not trigered,Not trigered,Not trigered,Not trigered,Araren Pit,Bright,AP/CR,-
1,1,5,8,2016-02-19,7,12:18:42,20,10,17,1.78,1.02,1.65,1.99,64.2,Araren Pit,Cloudy,RT/BK,-
1,1,5,8,2016-02-22,7,12:22:15,Not trigered,Not trigered,Not trigered,Not trigered,Not trigered,Not trigered,Not trigered,Not trigered,Araren Pit,Cloudy,RT/RH/CR,-
1,1,5,8,2016-02-23,7,12:30:00,Not trigered,Not trigered,Not trigered,Not trigered,Not trigered,Not trigered,Not trigered,Not trigered,Araren Pit,Cloudy,RT/RH/CR,-
1,1,5,8,2016-02-24,7,12:30:24,Not trigered,Not trigered,Not trigered,Not trigered,Not trigered,Not trigered,Not trigered,Not trigered,Araren Pit,Cloudy,RT/RH/CR,-
1,1,5,8,2016-02-25,7,12:30:00,Not trigered,Not trigered,Not trigered,Not trigered,Not trigered,Not trigered,Not trigered,Not trigered,Araren Pit,Cloudy,RT/RH/CR,-
1,1,5,8,2016-02-26,7,12:30:00,Not trigered,Not trigered,Not trigered,Not trigered,Not trigered,Not trigered,Not trigered,Not trigered,Araren Pit,Cloudy,RT/RH/CR,-
1,1,5,8,2016-02-27,7,12:30:00,18,15,21,9.78,4.70,7.62,10.3,73.0,Araren Pit,Cloudy,RT/RH/CR,-
1,1,5,8,2016-02-29,7,12:21:03,28,18,20,5.84,4.95,7.49,7.57,75.3,Araren Pit,Cloudy,RT/RH/CR,-
1,1,5,8,2016-03-01,7,11:29:37,20,22,18,1.90,1.78,2.79,2.98,88.8,Araren Pit,Cloudy,RT/RH/CR,-
1,1,5,8,2016-03-05,7,12:30:00,Not Trigered,Not Trigered,Not Trigered,Not Trigered,Not Trigered,Not Trigered,Not Trigered,Not Trigered,Araren Pit,Bright,RT/BK,-
1,1,5,8,2016-03-07,7,12:30:00,Not Trigered,Not Trigered,Not Trigered,Not Trigered,Not Trigered,Not Trigered,Not Trigered,Not Trigered,Araren Pit,Bright,RT/BK,-
1,1,5,8,2016-03-11,7,12:00:00,Not Trigered,Not Trigered,Not Trigered,Not Trigered,Not Trigered,Not Trigered,Not Trigered,Not Trigered,Araren Pit,Bright,RT/BK,-
1,1,5,8,2016-03-12,7,12:40:00,Not Trigered,Not Trigered,Not Trigered,Not Trigered,Not Trigered,Not Trigered,Not Trigered,Not Trigered,Araren Pit,Bright,RT/BK,-
1,1,5,8,2016-03-14,7,12:20:00,Not Trigered,Not Trigered,Not Trigered,Not Trigered,Not Trigered,Not Trigered,Not Trigered,Not Trigered,Araren Pit,Bright,AL/CR,-
1,1,5,8,2016-03-15,7,12:30:00,Not Trigered,Not Trigered,Not Trigered,Not Trigered,Not Trigered,Not Trigered,Not Trigered,Not Trigered,Araren Pit,Bright,RH/BK,-
1,1,5,8,2016-03-16,7,12:21:00,Not Trigered,Not Trigered,Not Trigered,Not Trigered,Not Trigered,Not Trigered,Not Trigered,Not Trigered,Araren Pit,Bright,RH/BK,-
1,1,5,8,2016-03-17,7,12:20:00,Not Trigered,Not Trigered,Not Trigered,Not Trigered,Not Trigered,Not Trigered,Not Trigered,Not Trigered,Araren Pit,Bright,AL,-
1,1,5,8,2016-03-18,7,12:30:00,Not Trigered,Not Trigered,Not Trigered,Not Trigered,Not Trigered,Not Trigered,Not Trigered,Not Trigered,Araren Pit,Bright,BK,-
1,1,5,8,2016-03-19,7,13:36:27,27,17,28,12.80,5.73,9.32,14.6,85.6,Araren Pit,Bright,BK,-
1,1,5,8,2016-03-21,7,12:21:00,Not trigered,Not trigered,Not trigered,Not trigered,Not trigered,Not trigered,Not trigered,Not trigered,Araren Pit,Bright,AL/CR,-
1,1,5,8,2016-03-22,7,12:30:00,Not trigered,Not trigered,Not trigered,Not trigered,Not trigered,Not trigered,Not trigered,Not trigered,Araren Pit,Bright,BK/CR,-
1,1,5,8,2016-03-23,7,12:19:00,Not trigered,Not trigered,Not trigered,Not trigered,Not trigered,Not trigered,Not trigered,Not trigered,Araren Pit,Bright,BK/CR,-
1,1,5,8,2016-03-24,7,12:15:07,30,26,20,4.60,3.08,3.97,4.69,78.7,Araren Pit,Bright,RT/BK/CR,-
1,1,5,8,2016-03-25,7,12:30:00,Not trigered,Not trigered,Not trigered,Not trigered,Not trigered,Not trigered,Not trigered,Not trigered,Araren Pit,Bright,RT/BK,-
1,1,5,8,2016-03-26,7,12:19:56,12.0,28,12,1.40,1.27,1.40,1.68,59.6,Araren Pit,Bright,RT/BK,-
1,1,5,8,2016-03-28,7,12:30:00,Not Trigered,Not Trigered,Not Trigered,Not Trigered,Not Trigered,Not Trigered,Not Trigered,Not Trigered,Araren Pit,Bright,BK,-
1,1,5,8,2016-03-29,7,12:30:00,Not Trigered,Not Trigered,Not Trigered,Not Trigered,Not Trigered,Not Trigered,Not Trigered,Not Trigered,Araren Pit,Bright,BK,-
1,1,5,8,2016-03-30,7,12:30:00,Not Trigered,Not Trigered,Not Trigered,Not Trigered,Not Trigered,Not Trigered,Not Trigered,Not Trigered,Araren Pit,Bright,BK,-
1,1,5,8,2016-03-31,7,12:30:00,Not Trigered,Not Trigered,Not Trigered,Not Trigered,Not Trigered,Not Trigered,Not Trigered,Not Trigered,Araren Pit,Bright,BK,-
1,1,5,8,2016-04-01,7,12:30:00,Not Trigered,Not Trigered,Not Trigered,Not Trigered,Not Trigered,Not Trigered,Not Trigered,Not Trigered,Araren Pit,Bright,RH/RT/BK,-
1,1,5,8,2016-04-02,7,12:30:00,Not Trigered,Not Trigered,Not Trigered,Not Trigered,Not Trigered,Not Trigered,Not Trigered,Not Trigered,Araren Pit,Bright,RH/RT/BK,-
1,1,5,8,2016-04-04,7,12:30:00,Not Trigered,Not Trigered,Not Trigered,Not Trigered,Not Trigered,Not Trigered,Not Trigered,Not Trigered,Araren Pit,Bright,AL/CR,-
1,1,5,8,2016-04-05,7,12:30:00,Not Trigered,Not Trigered,Not Trigered,Not Trigered,Not Trigered,Not Trigered,Not Trigered,Not Trigered,Araren Pit,Bright,CR/RT,-
1,1,5,8,2016-04-06,7,12:30:00,Not Trigered,Not Trigered,Not Trigered,Not Trigered,Not Trigered,Not Trigered,Not Trigered,Not Trigered,Araren Pit,Bright,CR/RT,-
1,1,5,8,2016-04-08,7,12:28:58,3.8,5.3,1.0,8.05,7.21,6.92,9.87,67.3,Araren Pit,Cloudy,RT/BK,-
1,1,5,8,2016-04-09,7,12:30:39,7.0,8.3,5.1,5.71,4.64,8.06,9.04,71.5,Araren Pit,cloudy,RT?BK,-
1,1,5,8,2016-04-11,7,12:30:00,Not Trigered,Not Trigered,Not Trigered,Not Trigered,Not Trigered,Not Trigered,Not Trigered,Not Trigered,Araren Pit,Bright,RT/CR,-
1,1,5,8,2016-04-12,7,12:38:44,14.0,12.0,18.0,8.57,6.21,9.72,11,82.2,Araren Pit,cloudy,CR/AL,-
1,1,5,8,2016-04-13,7,12:31:40,12.0,21.0,12.0,10.200,7.940,13.100,15.90,78.8,Araren Pit,Cloudy,AL/CR/RT,-
1,1,5,8,2016-04-14,7,12:30:00,Not Trigered,Not Trigered,Not Trigered,Not Trigered,Not Trigered,Not Trigered,Not Trigered,Not Trigered,Araren Pit,Bright,RT/CR,-
1,1,5,8,2016-04-15,7,12:30:00,Not Trigered,Not Trigered,Not Trigered,Not Trigered,Not Trigered,Not Trigered,Not Trigered,Not Trigered,Araren Pit,Bright,RT/CR,-
1,1,5,8,2016-04-16,7,12:28:39,6.2,12,9.1,Out of range,29.60,Out of range,Out of range,76.4,Araren Pit,Bright,RT/BK,-
1,1,5,8,2016-04-18,7,12:17:58,Not Trigered,Not Trigered,Not Trigered,Not Trigered,Not Trigered,Not Trigered,Not Trigered,Not Trigered,Araren Pit,Cloudy,AP/AL,-
1,1,5,8,2016-04-20,7,12:31:09,"7,1",20,12,3.54,3.44,5.98,6.41,83.5,Araren Pit,Bright,CR,-
1,1,5,8,2016-04-21,7,12:28:22,15,16,15,2.98,3.51,5.02,5.71,82.1,Araren Pit,Bright,AL/CR,-
1,1,5,8,2016-04-27,7,12:24:38,11,14,"9,5",6.94,6.06,9.32,10.6,66.1,Araren Pit,Bright,RH/BK,-
1,1,5,8,2016-04-29,7,12:33:15,"7,2",13,9,13.00,7.19,12.00,13.4,66.5,Araren Pit,Bright,AL,-
1,1,5,8,2016-05-02,7,12:25:34,8.5,14,9.3,5.91,5.18,6.81,8.2,75.4,Araren Pit,Bright,DA/RH/BK,-
1,1,5,8,2016-05-03,7,12:00:00,Not Trigered,Not Trigered,Not Trigered,Not Trigered,Not Trigered,Not Trigered,Not Trigered,Not Trigered,Araren Pit,Bright,DA/AL,-
1,1,5,8,2016-05-04,7,12:25:42,"8,1",16,"9,7",25.30,10.60,17.40,28.6,69.1,Araren Pit,Bright,DA/AL,-
1,1,5,8,2016-05-05,7,12:25:13,12,12,20,18.70,11.00,13.20,20.1,69.9,Araren Pit,Bright,AP/AL,-
1,1,5,8,2016-05-07,7,12:30:00,Not trigered,Not trigered,Not trigered,Not trigered,Not trigered,Not trigered,Not trigered,Not trigered,Araren Pit,Bright,AP,-
1,1,5,8,2016-05-09,7,12:30:00,Not trigered,Not trigered,Not trigered,Not trigered,Not trigered,Not trigered,Not trigered,Not trigered,Araren Pit,Bright,RT/BK,-
1,1,5,8,2016-05-23,7,12:30:00,Not trigered,Not trigered,Not trigered,Not trigered,Not trigered,Not trigered,Not trigered,Not trigered,Araren Pit,Bright,RT/BK,-
1,1,5,8,2016-05-28,7,12:30:00,Not trigered,Not trigered,Not trigered,Not trigered,Not trigered,Not trigered,Not trigered,Not trigered,Araren Pit,Bright,AP,-
1,1,5,8,2016-06-03,7,12:30:00,Not trigered,Not trigered,Not trigered,Not trigered,Not trigered,Not trigered,Not trigered,Not trigered,Araren Pit,Bright,AP,-
1,1,5,8,2016-06-06,7,12:53:46,Not trigered,Not trigered,Not trigered,Not trigered,Not trigered,Not trigered,Not trigered,Not trigered,Araren Pit,Bright,RH/RT,-
1,1,5,8,2016-06-07,7,12:37:22,16,16,13,0.857,0.714,0.952,1.22,71.9,Araren Pit,Bright,RH/RT,-
1,1,5,8,2016-06-13,7,12:22:18,Not Trigered,Not Trigered,Not Trigered,Not Trigered,Not Trigered,Not Trigered,Not Trigered,Not Trigered,Araren Pit,Bright,RH/RT,-
1,1,5,8,2016-06-14,7,12:26:03,16,17,13,2.05,1.25,1.49,2.21,60.6,Araren Pit,Bright,-,-
1,1,5,8,2016-06-16,7,12:55:07,Not Trigered,Not Trigered,Not Trigered,Not Trigered,Not Trigered,Not Trigered,Not Trigered,Not Trigered,Araren Pit,Bright,-,-
1,1,5,8,2016-06-18,7,12:57:18,8.3,11,8.7,3.92,2.78,3.62,4.23,81.6,Araren Pit,Bright,AP/DA,-
1,1,5,8,2016-06-20,7,12:30:00,Not Trigered,Not Trigered,Not Trigered,Not Trigered,Not Trigered,Not Trigered,Not Trigered,Not Trigered,Araren Pit,Bright,RT/RH,-
1,1,5,8,2016-06-22,7,12:31:27,5.6,16,6.5,1.1,0.683,0.952,1.3,78,Araren Pit,Bright,RT/RH,-
1,1,5,8,2016-06-23,7,12:20:44,Not Trigered,Not Trigered,Not Trigered,Not Trigered,Not Trigered,Not Trigered,Not Trigered,Not Trigered,Araren Pit,Bright,AP/AL,-
1,1,5,8,2016-06-24,7,12:30:00,Not Trigered,Not Trigered,Not Trigered,Not Trigered,Not Trigered,Not Trigered,Not Trigered,Not Trigered,Araren Pit,Bright,AP/AL,-
1,1,5,8,2016-07-09,7,12:24:05,15,13,12,2.57,1.79,2.67,2.77,77.1,Araren Pit,Bright,-,-
1,1,5,8,2016-07-15,7,12:30:00,Not Trigered,Not Trigered,Not Trigered,Not Trigered,Not Trigered,Not Trigered,Not Trigered,Not Trigered,Araren Pit,Bright,DA/RH/RT,-
1,1,5,8,2016-07-19,7,12:35:06,Not Trigered,Not Trigered,Not Trigered,Not Trigered,Not Trigered,Not Trigered,Not Trigered,Not Trigered,Araren Pit,Bright,AL/BK,-
1,1,5,8,2016-07-20,7,12:35:06,Not Trigered,Not Trigered,Not Trigered,Not Trigered,Not Trigered,Not Trigered,Not Trigered,Not Trigered,Araren Pit,Bright,AL/BK,-
1,1,5,8,2016-07-23,7,12:25:13,7.4,12,12,0.857,0.968,1.1,1.14,73.2,Araren Pit,Bright,RH/RT/BK,-
1,1,5,8,2016-07-25,7,13:19:12,8.4,14,11,8.68,7.56,10.4,12.1,86.2,Araren Pit,Bright,AL/CR,-
1,1,5,8,2016-07-28,7,12:30:00,Not Trigered,Not Trigered,Not Trigered,8.68,Not Trigered,Not Trigered,Not Trigered,Not Trigered,Araren Pit,Bright,-,-
1,1,5,8,2016-07-30,7,12:27:09,6.7,13,6.7,14.5,7.27,12.9,15.3,81.3,Araren Pit,Bright,RT/BK/RH,-
1,1,5,8,2016-08-02,7,13:13:47,5,6.5,6.4,15.6,8.78,8.64,16.4,89.9,Araren Pit,Bright,AP/AL,-
1,1,5,8,2016-08-08,7,12:36:30,13,6.3,7.6,5.29,4.89,6.64,7.81,79.3,Araren Pit,Bright,AP/AL,-
1,1,5,8,2016-08-12,7,12:22:08,6.8,6.9,9.7,1.02,1.1,1.11,1.28,76.2,Araren Pit,Bright,BK/RH/RT,-
1,1,5,8,2016-08-15,7,12:54:28,16,6.5,8.5,6.24,5.95,8.16,10.5,86.2,Araren Pit,Bright,AP/CR,-
1,1,5,8,2016-08-16,7,12:55:55,10,11,7.6,0.873,0.841,1.29,1.33,91.4,Araren Pit,Bright,RT/BK,-
1,1,5,8,2016-08-24,7,12:59:57,6.1,13,6.3,6.81,4.86,8.52,8.57,85.3,Araren Pit,Bright,RH/RT,-
1,1,5,8,2016-08-26,7,12:29:01,4.7,6,4.9,0.762,0.556,0.603,0.771,66.5,Araren Pit,Bright,BK,-
1,1,5,8,2016-08-27,7,12:32:26,4.9,7.1,4.8,0.698,0.841,0.937,1.23,63.2,Araren Pit,Bright,BK,-
1,1,5,8,2016-09-02,7,12:40:29,4.3,6.4,4.2,1.97,1.21,1.52,2.04,58.7,Araren Pit,Bright,CR,-
1,1,5,8,2016-09-05,7,12:29:59,5.3,9.3,6.2,12,10.1,14,17.2,78.7,Araren Pit,Bright,CR,-
1,1,5,8,2016-09-06,7,17:07:11,5.3,N/A,61,10.8,8.25,8.25,12.5,69.1,Araren Pit,Bright,AP/CR,-
1,1,5,8,2016-09-08,7,12:30:42,9.7,14,11,1.27,0.762,1.02,1.33,64.5,Araren Pit,Bright,AP/CR,-
1,1,5,8,2016-09-10,7,17:03:42,7.9,8.8,7.1,24.5,17.1,17.8,26.7,78.7,Araren Pit,Bright,AP/MU,-
1,1,5,8,2016-09-15,7,12:35:20,9.1,8.3,8.1,1.9,1.02,1.4,2.02,63.1,Araren Pit,Bright,AP/MU,-
1,1,5,8,2016-09-15,7,17:04:37,8.3,8,8.8,2.03,1.9,1.9,2.62,79.6,Araren Pit,Bright,AP/MU,-
1,1,5,8,2016-09-16,7,17:09:08,7.1,15,11,1.52,0.889,1.52,1.63,100.9,Araren Pit,Bright,AP/CA,-
1,1,5,8,2016-09-17,7,12:33:13,9.1,11,6,4.44,2.03,6.48,6.52,67.6,Araren Pit,Bright,AP/AL,-
1,1,5,8,2016-09-21,7,12:28:27,5.2,6.3,6.7,2.41,2.16,1.9,2.92,63.5,Araren Pit,Bright,BK/CR/RT,-
1,1,5,8,2016-09-23,7,17:09:14,4.2,8.7,6.2,7.75,4.83,8.89,11.4,101.1,Araren Pit,Bright,AP/CR,-
1,1,5,8,2016-09-27,7,12:34:35,6.1,5.3,6.2,1.4,2.29,2.29,3.27,76.1,Araren Pit,Bright,RT/RH,-
1,1,5,8,2016-09-30,7,17:14:47,4.9,7.5,4.3,4.19,5.08,7.75,7.92,96.3,Araren Pit,Bright,DA/MU,-
1,1,5,8,2016-10-01,7,16:59:11,4.7,7.6,5.2,6.6,5.21,5.33,7.57,91,Araren Pit,Bright,DA/MU,-
1,1,5,8,2016-10-04,7,12:59:56,7,10.1,7.5,22,7.11,18.5,25.2,70.5,Araren Pit,Bright,CR,-
1,1,5,8,2016-10-04,7,13:01:15,7.6,14.6,8.8,2.54,2.41,2.67,3.48,83.3,Araren Pit,Bright,CR,2nd blast
1,1,5,8,2016-10-04,7,16:56:11,10.6,9.8,8.8,3.81,3.43,2.54,5.04,66.8,Araren Pit,Bright,DA/SP,-
1,1,5,8,2016-10-05,7,12:28:59,6.8,7.6,8.8,1.4,1.52,1.4,1.66,63.1,Araren Pit,Bright,CR,-
1,1,5,8,2016-10-06,7,12:25:09,21,21,15.5,12.2,10.8,13.7,17.1,74.9,Araren Pit,Bright,CR,-
1,1,5,8,2016-10-08,7,17:16:02,4.4,6.4,4.2,4.19,4.7,7.11,7.14,85.5,Araren Pit,Bright,DA/CA,-
1,1,5,8,2016-10-10,7,18:18:44,7.9,6.9,6.6,2.79,2.41,2.67,3.33,79.5,Araren Pit,Bright,RH,-
1,1,5,8,2016-10-11,7,17:03:59,3.8,7.4,4.9,3.94,2.41,3.3,4.22,78.4,Araren Pit,Bright,CR/RH,-
1,1,5,8,2016-10-13,7,12:31:49,9.6,6.1,4.9,4.95,7.24,4.95,7.25,68.4,Araren Pit,Bright,CR,-
1,1,5,8,2016-10-14,7,17:20:18,-,-,-,-,-,-,-,-,Araren Pit,Cloudy,DA/DK,Equipment at Tinerungan & Kayuwale
1,1,5,8,2016-10-15,7,12:34:02,26,19.7,8.6,2.29,2.41,1.65,2.61,76.6,Araren Pit,Bright,AL,-
1,1,5,8,2016-10-17,7,17:03:14,7.3,7.9,9.4,1.78,1.78,2.03,2.3,79.8,Araren Pit,Bright,DA/SP,-
1,1,5,8,2016-10-18,7,12:44:13,5,6.5,6.8,10.3,5.59,8.51,11.2,94.5,Araren Pit,Bright,AP,-
1,1,5,8,2016-10-20,7,17:06:59,5.1,8,5.9,6.86,3.81,4.44,7.41,87.6,Araren Pit,Bright,CR,-
1,1,5,8,2016-10-24,7,17:11:38,12,7.8,7.8,1.14,0.889,1.02,1.2,80.6,Araren Pit,Bright,CR/RH,-
1,1,5,8,2016-10-25,7,17:04:37,14.4,10.1,5.9,0.762,1.02,1.27,1.5,85.2,Araren Pit,Bright,AP/RT,-
1,1,5,8,2016-10-29,7,13:17:11,7.9,6.6,9.3,3.3,4.7,4.95,5.35,84.4,Araren Pit,Bright,RH/BK/RT,-
1,1,5,8,2016-11-02,7,17:16:10,4.5,8.5,9.9,8,6.86,6.6,10.6,77.1,Araren Pit,Bright,CR,-
1,1,5,8,2016-11-07,7,17:05:26,10.4,5.8,3.9,15,14.6,19.4,22.4,77.8,Araren Pit,Bright,AP,-
1,1,5,8,2016-11-08,7,17:03:06,11.6,9.2,9,1.14,1.4,2.67,3,95.6,Araren Pit,Bright,RH/RT,-
1,1,5,8,2016-11-09,7,17:12:31,9.8,13,7.5,1.52,1.14,1.02,1.82,89.8,Araren Pit,Bright,RH/RT,-
1,1,5,8,2016-11-12,7,17:00:10,8.5,8.4,9.2,1.14,2.29,1.4,2.51,76.7,Araren Pit,Bright,-,-
1,1,5,8,2016-11-14,7,17:07:50,14.8,14.6,13.5,1.27,1.52,1.65,2.07,84.2,Araren Pit,Bright,CR,-
1,1,5,8,2016-11-16,7,12:41:21,24,32,22,1.02,1.14,1.4,1.6,79.2,Araren Pit,Cloudy,AL,-
1,1,5,8,2016-11-17,7,17:04:45,11.5,9.6,9.8,1.02,1.27,0.889,1.58,68.4,Araren Pit,Cloudy,CR,-
1,1,5,8,2016-11-19,7,17:10:33,8,8.9,8.5,1.65,1.27,1.65,2.3,73.2,Araren Pit,Cloudy,BK,-
1,1,5,8,2016-11-21,7,17:24:54,4.6,5.8,5.4,7.62,9.02,7.24,11,72.8,Araren Pit,Cloudy,DA/CA,-
1,1,5,8,2016-11-24,7,12:30:49,4.9,6.1,10,3.94,4.06,3.43,4.19,96.1,Araren Pit,Bright,RH/RT,-
1,1,5,8,2016-11-28,7,17:14:24,6,7.6,5.3,18.9,10,11.8,19.1,72.1,Araren Pit,Bright,DA/DK,-
1,1,5,8,2016-11-30,7,12:36:37,12.2,9.2,12.3,1.27,1.78,2.16,2.23,75.1,Araren Pit,Bright,RT/RH/BK,-
1,1,5,8,2016-12-01,7,17:07:04,6,6.6,8.1,21.3,25.9,24.3,38.3,90,Araren Pit,Bright,RH/BK,-
1,1,5,8,2016-12-03,7,12:26:02,11.1,11.9,18.3,1.4,1.4,1.14,1.91,96.6,Araren Pit,Bright,RT/BK,-
1,1,5,8,2016-12-05,7,17:08:16,9.8,9.9,14.8,1.27,1.65,1.27,1.81,95,Araren Pit,Bright,AP/DA,-
1,1,5,8,2016-12-07,7,12:36:08,9.3,10.8,14.2,1.52,2.16,1.9,2.68,84.6,Araren Pit,Bright,AL/RH/RT,-
1,1,5,8,2016-12-09,7,17:18:51,11.4,9.5,9,1.78,1.52,1.9,2.26,91.2,Araren Pit,Bright,AP/MW,-
1,1,5,8,2016-12-10,7,17:27:49,5.7,5.4,16.3,4.7,4.57,3.68,5.31,79.2,Araren Pit,Bright,AP/BK,-
1,1,5,8,2016-12-15,7,12:25:06,13.1,12.2,11.4,3.56,4.19,6.1,6.82,88.4,Araren Pit,Bright,AL,-
1,1,5,8,2016-12-17,7,12:31:08,15.5,10.6,13,2.79,4.57,3.81,5.4,87.2,Araren Pit,Bright,AP/BK,-
1,1,5,8,2016-12-19,7,12:33:48,8.7,12.8,14.2,2.92,7.24,5.84,8.15,86,Araren Pit,Bright,AP/AL,-
1,1,5,8,2016-12-27,7,17:13:26,4.1,5.6,4.1,5.84,7.24,9.14,9.23,91.9,Araren Pit,Bright,DA/RT,-
1,1,5,8,2016-12-31,7,13:07:44,5.3,6.4,5,7.37,8.25,6.48,9.15,90.4,Araren Pit,Bright,AP/AL,-
1,1,5,8,2017-01-04,7,12:48:18,9.5,10,10,5.21,6.98,5.08,7.8,84.2,Araren Pit,Cloudy,RH/RT/BK,-
1,1,5,8,2017-01-05,7,12:29:29,9.7,12,13,2.79,6.73,3.43,6.93,81.4,Araren Pit,Cloudy,RH/RT/BK,-
1,1,5,8,2017-01-06,7,12:46:01,9.5,8.5,8.8,5.33,8,5.59,8.64,79.3,Araren Pit,Cloudy,RH/CR,-
1,1,5,8,2017-01-09,7,17:29:41,4.3,6,6,8.51,6.1,5.59,8.65,73.5,Araren Pit,Cloudy,RH/RT/BK,-
1,1,5,8,2017-01-14,7,16:59:08,7,9.7,9.3,1.14,1.4,1.65,1.69,87.2,Araren Pit,Bright,DA/MU,-
1,1,5,8,2017-01-16,7,12:29:17,8.7,9.7,10,3.3,3.56,4.19,4.75,82.9,Araren Pit,Bright,RH/RT/BK,-
1,1,5,8,2017-01-17,7,12:27:05,6.6,6.6,7.2,3.43,4.83,4.57,5.75,83,Araren Pit,Bright,RH/RT/BK,-
1,1,5,8,2017-01-18,7,12:33:33,7.9,9,7.9,4.7,8.76,4.95,8.79,85.9,Araren Pit,Bright,RH/RT/BK,-
1,1,5,8,2017-01-20,7,12:34:25,9,11,14,3.17,6.48,6.86,7.44,50,Araren Pit,Bright,CR/AL,-
1,1,5,8,2017-01-21,7,17:02:57,5.3,5.6,6.6,5.84,5.84,5.71,7.34,87.3,Araren Pit,Bright,BK/RT,-
1,1,5,8,2017-01-23,7,17:15:17,8.7,8.4,7.5,4.32,6.1,5.46,7.49,72.1,Araren Pit,Bright,BK/RT,-
1,1,5,8,2017-01-24,7,17:13:39,8.1,8.8,9.5,1.65,1.65,2.67,2.84,80,Araren Pit,Bright,BK/RT,-
1,1,5,8,2017-02-02,7,17:15:05,9.3,18,12,1.4,1.4,2.41,2.51,91.7,Araren Pit,Bright,RT,-
1,1,5,8,2017-02-06,7,13:03:37,9.1,2.3,8.8,1.4,0.889,1.27,1.67,77.9,Araren Pit,Bright,RT/RH,-
1,1,5,8,2017-02-21,7,12:30:00,Not Trigered,Not Trigered,Not Trigered,Not Trigered,Not Trigered,Not Trigered,Not Trigered,Not Trigered,Araren Pit,Cloudy,BK,-
1,1,5,8,2017-02-24,7,12:33:20,11,6.6,6.3,4.83,5.97,8,8.15,65.5,Araren Pit,Bright,BK,-
1,1,5,8,2017-02-25,7,12:32:31,7.2,7.5,7.3,4.19,4.06,4.06,5.31,63.5,Araren Pit,Bright,AL/BK,-
1,1,5,8,2017-03-04,7,12:58:13,14,14,13,2.92,4.95,3.68,5.23,74.4,Araren Pit,Cloudy,RH/RT,-
1,1,5,8,2017-03-08,7,17:05:12,9.1,26,27,1.14,0.635,0.889,1.45,84.7,Araren Pit,Cloudy,AP/DK,-
1,1,5,8,2017-03-14,7,17:39:40,7.8,9,8.4,2.03,2.29,3.17,3.39,86.7,Araren Pit,Cloudy,AP,-
1,1,5,8,2017-03-17,7,17:00:45,12,7.3,12,1.65,1.78,2.16,2.83,89.8,Araren Pit,Cloudy,AP,-
1,1,5,8,2017-03-20,7,17:25:06,8.7,19,3.6,30.4,26.7,27.8,34.3,89.1,Araren Pit,Cloudy,AP,-
1,1,5,8,2017-03-22,7,17:24:49,7,15,13,3.17,2.92,2.67,3.61,86.9,Araren Pit,Cloudy,AP/DK,-
1,1,5,8,2017-03-28,7,12:43:55,10.9,16.8,9.8,4.19,4.95,4.83,6.08,84.7,Araren Pit,Cloudy,RT,-
1,1,5,8,2017-03-31,7,12:31:50,7.3,8.4,6.7,5.08,5.97,5.59,6.07,87,Araren Pit,Cloudy,RT,-
1,1,5,8,2017-04-03,7,12:57:58,4.3,5.9,7.1,2.92,4.83,2.79,5,85.8,Araren Pit,Cloudy,AL,-
1,1,5,8,2017-04-06,7,12:35:04,12.9,10,13.4,4.06,4.95,7.49,8.12,80.3,Araren Pit,Rain,AL/BK,-
1,1,5,8,2017-04-07,7,17:13:48,5.2,11.9,7.6,5.84,6.48,7.62,8.67,79.5,Araren Pit,Cloudy,RH/RT,-
1,1,5,8,2017-04-15,7,17:01:52,5,7.8,4.4,5.84,4.57,5.21,6.8,76,Araren Pit,Bright,MU,-
1,1,5,8,2017-04-17,7,17:21:57,13.8,9.1,5.9,2.16,2.54,2.41,3.13,89.5,Araren Pit,Bright,MU/AP,-
1,1,5,8,2017-04-19,7,12:36:50,8.5,9.2,11.1,2.03,1.65,2.16,2.6,81.1,Araren Pit,Bright,AL,-
1,1,5,8,2017-04-20,7,17:10:33,5,15.2,9.6,1.78,2.16,1.65,2.22,94.9,Araren Pit,Bright,DA/RH,-
1,1,5,8,2017-04-24,7,17:08:24,6.2,10.8,13.1,1.02,1.65,1.65,1.88,84,Araren Pit,Bright,BK/RH,-
1,1,5,8,2017-04-26,7,12:40:46,11.4,10,10.7,1.4,1.52,2.29,2.56,86.7,Araren Pit,Bright,AP,-
1,1,5,8,2017-04-26,7,17:11:21,8.3,6.3,6.4,5.08,6.86,8.13,8.25,69.6,Araren Pit,Bright,AP/MU,-
1,1,5,8,2017-04-27,7,12:37:09,8,7.6,8.8,1.78,1.78,2.03,2.17,75.2,Araren Pit,Bright,AP/BK,-
1,1,5,8,2017-04-28,7,17:15:41,13.7,7.5,7.9,30.6,35.4,30.2,42.6,81.9,Araren Pit,Bright,AP,-
1,1,5,8,2017-04-29,7,17:02:29,6.9,8,5.4,18.7,15.7,21.1,23.1,83.2,Araren Pit,Bright,AP,-
1,1,5,8,2017-05-01,7,17:04:23,4.5,6.4,5.1,4.83,5.97,3.94,7.04,68.6,Araren Pit,Bright,RT,-
1,1,5,8,2017-05-03,7,17:07:37,4.9,5.6,12,5.33,4.83,7.11,8.13,68.6,Araren Pit,Bright,AP,-
1,1,5,8,2017-05-05,7,17:03:30,14.7,33,11.6,5.59,4.57,7.49,8.13,64.5,Araren Pit,Bright,AP,-
1,1,5,8,2017-05-06,7,17:11:47,8.1,19.6,11.3,12.8,19.6,16.5,22.7,79.7,Araren Pit,Bright,RH,-
1,1,5,8,2017-05-08,7,17:05:19,5.9,5.33,8.2,6.98,5.33,8.25,8.69,84.4,Araren Pit,Bright,AP,-
1,1,5,8,2017-05-12,7,17:01:38,10.7,7.4,9.8,2.03,2.29,3.3,3.55,71.7,Araren Pit,Bright,DA/RS,-
1,1,5,8,2017-05-13,7,17:06:37,12.3,7.7,15.5,1.78,1.9,2.16,2.56,83.7,Araren Pit,Bright,BK,-
1,1,5,8,2017-05-19,7,12:45:27,10.3,10.9,12.3,1.65,2.16,1.78,2.66,92.5,Araren Pit,Bright,MU,-
1,1,5,8,2017-05-20,7,12:29:01,8,9.1,11.4,1.65,1.52,1.52,1.85,94.5,Araren Pit,Bright,AL,-
1,1,5,8,2017-05-23,7,12:30:24,-,-,-,-,-,-,-,-,Blambangan & Araren Pit,Bright,AL/RH/RT,Tools at Tinerungan & Kayuwale
1,1,5,8,2017-05-26,7,12:57:19,7,6.3,5.3,4.7,4.44,3.56,5.26,83.3,Araren Pit,Bright,AL,-
1,1,5,8,2017-05-27,7,12:31:43,-,-,-,-,-,-,-,-,Blambangan,Bright,AL/BK,Tools at Tinerungan & Kayuwale
1,1,5,8,2017-05-27,7,12:31:52,-,-,-,-,-,-,-,-,Araren Pit,Bright,AL/BK,Tools at Tinerungan & Kayuwale
1,1,5,8,2017-05-30,7,13:34:25,7.7,6.8,11.5,3.56,6.22,4.32,6.86,89.8,Araren Pit,Cloudy,RT,-
1,1,5,8,2017-05-30,7,13:37:25,7.6,6.7,5.9,2.54,5.71,3.68,5.99,67.3,Araren Pit,cloudy,RT,Second blasting
1,1,5,8,2017-05-31,7,17:18:03,16.4,9.1,15.6,61.3,23.1,57.5,74,98.4,Araren Pit,cloudy,RT/BK,-
1,1,5,8,2017-06-09,7,12:32:54,6.7,10.9,3.81,4.7,1.52,3.81,5.4,81.5,Araren Pit,Rain,BK,-
1,1,5,8,2017-06-13,7,12:56:09,Not Trigered,Not Trigered,Not Trigered,Not Trigered,Not Trigered,Not Trigered,Not Trigered,Not Trigered,Araren Pit,Bright,AL,-
1,1,5,8,2017-06-14,7,12:47:37,-,-,-,-,-,-,-,-,Blambangan,Cloudy,AP/AL,Tools at Tinerungan & Kayuwale
1,1,5,8,2017-06-14,7,12:48:27,-,-,-,-,-,-,-,-,Araren Pit,Cloudy,AP/AL,Tools at Tinerungan & Kayuwale
1,1,5,8,2017-06-16,7,13:00:18,Not Trigered,Not Trigered,Not Trigered,Not Trigered,Not Trigered,Not Trigered,Not Trigered,Not Trigered,Araren Pit,Rain,AP/AL,-
1,1,5,8,2017-06-19,7,12:44:55,Not Trigered,Not Trigered,Not Trigered,Not Trigered,Not Trigered,Not Trigered,Not Trigered,Not Trigered,Araren Pit,Rain,RH/RT,-
1,1,5,8,2017-06-20,7,12:51:02,-,-,-,-,-,-,-,-,Blambangan,RAIN,RT/RH,Tools at Tinerungan & Kayuwale
1,1,5,8,2017-06-20,7,12:52:05,-,-,-,-,-,-,-,-,Araren Pit,Rain,RH/RT,Tools at Tinerungan & Kayuwale
1,1,5,8,2017-06-22,7,12:35:11,8.6,20.1,8.4,3.81,1.9,4.19,4.92,87.8,Araren Pit,-,-,-
1,1,5,8,2017-06-23,7,13:35:17,-,-,-,-,-,-,-,-,Araren Pit,-,RH/RT/BK,Tools at Tinerungan
1,1,5,8,2017-06-24,7,12:38:40,8.5,12,8.1,1.9,1.14,2.29,2.64,79.7,Araren Pit,-,RH/RT,-
1,1,5,8,2017-06-26,7,12:38:06,7.6,4.2,13.1,1.9,1.65,2.16,2.73,68.6,Araren Pit,-,BK,-
1,1,5,8,2017-06-27,7,12:36:17,6.1,7.9,6.6,15.5,5.59,21,25.1,69.8,Araren Pit,-,RH/RT/BK,-
1,1,5,8,2017-06-29,7,12:35:12,-,-,-,-,-,-,-,-,Araren Pit,-,RH/RT,Tools at Kayuwale and telkom road
1,1,5,8,2017-06-30,7,12:30:00,Not Trigered,Not Trigered,Not Trigered,Not Trigered,Not Trigered,Not Trigered,Not Trigered,Not Trigered,Araren Pit,Rain,RH/RT,-
1,1,5,8,2017-07-01,7,12:33:05,-,-,-,-,-,-,-,-,Araren Pit,Rain,RH/RT,Tools at Kayuwale and telkom road
1,1,5,8,2017-07-03,7,12:27:45,9.8,8,7,3.81,2.79,5.84,5.95,61.3,Araren Pit,Cloudy,AL,-
1,1,5,8,2017-07-05,7,12:30:25,11.7,27.7,6.3,2.41,1.4,2.16,2.81,65,Araren Pit,Bright,AL/RH/BK,-
1,1,5,8,2017-07-06,7,12:34:37,-,-,-,-,-,-,-,-,Araren Pit,Bright,AL/BK,Tools at Kayuwale and telkom road
1,1,5,8,2017-07-07,7,12:36:05,7.7,8.3,7.9,9.78,5.21,11.2,12.5,71.9,Araren Pit,Bright,RH/RT,-
1,1,5,8,2017-07-10,7,13:22:49,7.8,11.1,7.6,7.75,4.83,6.22,8.11,7.47,Araren Pit,Bright,RH/RT,-
1,1,5,8,2017-07-11,7,12:59:13,-,-,-,-,-,-,-,-,Araren Pit,Bright,AL/BK,Tools at Kayuwale and Pinasungkulan
1,1,5,8,2017-07-13,7,12:49:40,-,-,-,-,-,-,-,-,Araren Pit,Bright,AL/BK,Tools at Kayuwale and Pinasungkulan
1,1,5,8,2017-07-15,7,12:49:40,-,-,-,-,-,-,-,-,Araren Pit,Bright,AL/BK,Tools at Toka
1,1,5,8,2017-07-17,7,12:53:26,-,-,-,-,-,-,-,-,Araren Pit,Bright,AP/RT,Tools at Kayuwale and Pinasungkulan
1,1,5,8,2017-07-18,7,12:53:26,-,-,-,-,-,-,-,-,Araren Pit,Bright,AP/RH,Tools at Kayuwale and Pinasungkulan
1,1,5,8,2017-07-19,7,12:34:04,-,-,-,-,-,-,-,-,Araren Pit,Bright,AP/RH,Tools at Kayuwale and Pinasungkulan
1,1,5,8,2017-07-20,7,12:43:39,-,-,-,-,-,-,-,-,Araren Pit,Bright,AP/RH,Tools at Kayuwale and Pinasungkulan
1,1,5,8,2017-07-21,7,12:27:37,7.5,7.4,8.4,5.08,2.03,4.95,5.88,81.9,Araraen Pit,Rain,RH,-
1,1,5,8,2017-07-22,7,12:28:39,-,-,-,-,-,-,-,-,Araren Pit,Bright,RH/RT,Tools at Kayuwale and Pinasungkulan
1,1,5,8,2017-07-24,7,12:41:35,-,-,-,-,-,-,-,-,Araren Pit,Bright,RH/RT,Tools at Kayuwale and Pinasungkulan
1,1,5,8,2017-07-29,7,12:31:24,-,-,-,-,-,-,-,-,Araren Pit,Bright,RH/RT,Tools at Kayuwale and Toka Pit
1,1,5,8,2017-07-31,7,12:33:04,-,-,-,-,-,-,-,-,Araren Pit,Bright,RH/RT,Tools at Kayuwale and Toka Pit
1,1,5,8,2017-08-02,7,12:29:08,8.8,6.4,6.3,3.05,1.78,2.03,3.3,70,Araren Pit,Bright,AL,-
1,1,5,8,2017-08-05,7,12:56:09,-,-,-,-,-,-,-,-,Araren Pit,Bright,RH/RT,Tools at Kayuwale and Toka Pit
1,1,5,8,2017-08-07,7,12:31:25,-,-,-,-,-,-,-,-,Araren Pit,Bright,AL/BK,Tools at Kayuwale and Pinasungkulan
1,1,5,8,2017-08-09,7,12:33:00,-,-,-,-,-,-,-,-,Araren Pit,Bright,RH/RT,Tools at Kayuwale and Pinasungkulan
1,1,5,8,2017-08-11,7,13:18:18,6.5,7.8,7,5.21,2.16,4.06,5.5,80.7,Araren Pit,Bright,RH/RT,-
1,1,5,8,2017-08-14,7,12:33:26,9.8,7.9,8.3,5.08,2.16,4.83,6.82,80.6,Araren Pit,Bright,RH/RT,-
1,1,5,8,2017-08-15,7,12:29:00,-,-,-,-,-,-,-,-,Araren Pit,Bright,RH/BK,Tools at Kayuwale and Pinasungkulan
1,1,5,8,2017-08-16,7,13:02:07,-,-,-,-,-,-,-,-,Araren Pit,Bright,RH,Tools at Kayuwale and Pinasungkulan
1,1,5,8,2017-08-18,7,12:32:48,-,-,-,-,-,-,-,-,Araren Pit,Bright,RH,Tools at Kayuwale and Pinasungkulan
1,1,5,8,2017-08-19,7,12:31:00,-,-,-,-,-,-,-,-,Araren Pit,Bright,AL,Tools at Kayuwale and Pinasungkulan
1,1,5,8,2017-08-21,7,12:30:17,9.9,12.7,12.9,2.41,1.9,2.79,3.11,78,Araren Pit,Bright,RH/RT,-
1,1,5,8,2017-08-22,7,12:31:14,7.3,11.9,5.9,3.81,2.79,4.19,4.67,73.7,Araren Pit,Bright,AL/RH/BK,-
1,1,5,8,2017-08-23,7,12:30:25,9.1,10.2,8.2,16.4,11.2,14.5,23.2,84.2,Araren Pit,Bright,RH,-
1,1,5,8,2017-08-24,7,13:16:03,-,-,-,-,-,-,-,-,Araren Pit,Bright,AP/BK,Tools at Kayuwale and Pinasungkulan
1,1,5,8,2017-08-25,7,12:32:15,9.6,18.8,8.8,0.762,0.508,0.889,1.1,66.3,Araren Pit,Bright,BK,-
1,1,5,8,2017-08-28,7,12:37:24,7,18.5,9.1,6.1,4.32,6.73,6.83,79.7,Araren Pit,Bright,AP/RT,-
1,1,5,8,2017-08-29,7,12:31:52,16.8,15.8,7.4,0.762,0.635,0.889,1,80.8,Araren Pit,Bright,AP/RT,-
1,1,5,8,2017-08-29,7,12:34:58,7.2,27.7,7.6,6.48,2.29,7.24,8.24,66.5,Araren Pit,Bright,AP/RT,-
1,1,5,8,2017-08-31,7,12:33:33,-,-,-,-,-,-,-,-,Araren Pit,Bright,AP/BK,Tools at Kayuwale and Pinasungkulan
1,1,5,8,2017-09-02,7,12:39:59,13.7,16.8,14.4,4.57,3.94,2.92,5.85,59,Araren Pit,Bright,AP,-
1,1,5,8,2017-09-05,7,12:30:00,Not trigered,Not trigered,Not trigered,Not trigered,Not trigered,Not trigered,Not trigered,Not trigered,Arararen pit,Bright,AP,-
1,1,5,8,2017-09-06,7,12:32:32,14,28.4,15.3,1.14,0.762,1.02,1.33,58,Arararen pit,Bright,AP,-
1,1,5,8,2017-09-07,7,12:39:50,-,-,-,-,-,-,-,-,Araren Pit,Bright,AP/BK,Tools at Kayuwale and Pinasungkulan
1,1,5,8,2017-09-09,7,12:33:15,10.3,10.2,8.9,4.95,2.29,3.17,5.05,68.5,Arararen pit,Bright,AP/MW,First Blasting
1,1,5,8,2017-09-09,7,12:36:03,14.6,15.6,13.8,1.02,0.889,1.02,1.37,82.2,Arararen pit,Bright,AP/MW,Second Blasting
1,1,5,8,2017-09-11,7,12:36:47,-,-,-,-,-,-,-,-,Araren Pit,Bright,AP/HM,Tools at Kayuwale and Pinasungkulan
1,1,5,8,2017-09-12,7,12:35:42,-,-,-,-,-,-,-,-,Araren Pit,Bright,AL/BK,Tools at Kayuwale and Pinasungkulan
1,1,5,8,2017-09-13,7,12:35:38,-,-,-,-,-,-,-,-,Araren Pit,Bright,AP,Tools at Kayuwale and Pinasungkulan
1,1,5,8,2017-09-14,7,12:36:19,-,-,-,-,-,-,-,-,Araren Pit,Bright,AL,Tools at Kayuwale and Pinasungkulan
1,1,5,8,2017-09-15,7,12:33:31,-,-,-,-,-,-,-,-,Araren Pit,Bright,AL,Tools at Kayuwale and Pinasungkulan
1,1,5,8,2017-09-16,7,12:35:00,-,-,-,-,-,-,-,-,Araren Pit,Bright,AP,Tools at Kayuwale and Pinasungkulan
1,1,5,8,2017-09-18,7,13:21:31,-,-,-,-,-,-,-,-,Araren Pit,Bright,AP,Tools at Kayuwale and Pinasungkulan
1,1,5,8,2017-09-19,7,12:30:18,-,-,-,-,-,-,-,-,Arararen pit,Bright,AP/AL,Tools at Kayuwale and Pinasungkulan
1,1,5,8,2017-09-20,7,12:32:03,-,-,-,-,-,-,-,-,Arararen pit,Bright,BK,Tools at Kayuwale and Pinasungkulan
1,1,5,8,2017-09-21,7,12:30:31,-,-,-,-,-,-,-,-,Arararen pit,Bright,AL/BK,Tools at Kayuwale and Pinasungkulan
1,1,5,8,2017-09-22,7,12:35:58,-,-,-,-,-,-,-,-,Arararen pit,Bright,AL,Tools at Kayuwale and Pinasungkulan
1,1,5,8,2017-09-23,7,12:30:00,-,-,-,-,-,-,-,-,Arararen pit,Bright,AL,Tools at Kayuwale and Pinasungkulan
1,1,5,8,2017-09-25,7,12:31:08,-,-,-,-,-,-,-,-,Araraen Pit,cloudy,BK,Tools at Kayuwale and Pinasungkulan
1,1,5,8,2017-09-26,7,12:28:40,-,-,-,-,-,-,-,-,Araraen Pit,cloudy,AL,Tools at Kayuwale and Pinasungkulan
1,1,5,8,2017-09-28,7,12:32:22,-,-,-,-,-,-,-,-,Araren Pit,cloudy,AL/BK,-
1,1,5,8,2017-09-30,7,12:27:54,-,-,-,-,-,-,-,-,Araren Pit,cloudy,BK,-
1,1,5,8,2017-10-02,7,12:46:12,-,-,-,-,-,-,-,-,Araren Pit,cloudy,BK,-
1,1,5,8,2017-10-06,7,12:29:12,-,-,-,-,-,-,-,-,Araren Pit,cloudy,BK,-
1,1,5,8,2017-10-09,7,12:41:49,-,-,-,-,-,-,-,-,Araren Pit,cloudy,BK,-
1,1,5,8,2017-10-10,7,12:37:00,-,-,-,-,-,-,-,-,Araren Pit,cloudy,BK,-
1,1,5,8,2017-10-11,7,12:31:21,-,-,-,-,-,-,-,-,Araren Pit,cloudy,BK,-
1,1,5,8,2017-10-12,7,12:31:46,-,-,-,-,-,-,-,-,Araren Pit,cloudy,BK,-
1,1,5,8,2017-10-13,7,12:31:25,-,-,-,-,-,-,-,-,Araren Pit,cloudy,BK,-
1,1,5,8,2017-10-14,7,12:31:38,6.2,28.4,6.8,4.440,4.190,6.480,6.750,57.7,Araren Pit,-,RT/RH,-
1,1,5,8,2017-10-16,7,12:47:05,-,-,-,-,-,-,-,-,Araren Pit,cloudy,BK,-
1,1,5,8,2017-10-17,7,12:31:51,-,-,-,-,-,-,-,-,Araren Pit,cloudy,BK,-
1,1,5,8,2017-10-19,7,12:51:16,-,-,-,-,-,-,-,-,Araren Pit,cloudy,RH/RT,-
1,1,5,8,2017-10-20,7,12:28:41,-,-,-,-,-,-,-,-,Araren Pit,cloudy,BK/AL,-
1,1,5,8,2017-10-23,7,12:32:07,-,-,-,-,-,-,-,-,Araren Pit,cloudy,AL/AP,-
1,1,5,8,2017-10-25,7,12:32:07,-,-,-,-,-,-,-,-,Araren Pit,cloudy,AL/BK,-
1,1,5,8,2017-10-26,7,12:43:55,-,-,-,-,-,-,-,-,Araren Pit,cloudy,RT/BK,-
1,1,5,8,2017-10-27,7,12:37:55,-,-,-,-,-,-,-,-,Araren Pit,cloudy,RT/BK,-
1,1,5,8,2017-10-28,7,12:34:43,-,-,-,-,-,-,-,-,Araren Pit,cloudy,AP/RT,-
1,1,5,8,2017-10-30,7,13:08:53,9.8,14,6.6,11,9.65,9.4,14.1,74,Araren Pit,cloudy,AL/BK,-
1,1,5,8,2017-10-31,7,12:37:28,-,-,-,-,-,-,-,-,Araren Pit,cloudy,AP/RT,-
1,1,5,8,2017-11-02,7,13:29:26,-,-,-,-,-,-,-,-,Araren Pit,cloudy,Ap/AL,-
1,1,5,8,2017-11-02,7,12:27:13,-,-,-,-,-,-,-,-,Araren Pit,cloudy,RH/RT,-
1,1,5,8,2017-11-06,7,12:34:02,-,-,-,-,-,-,-,-,Araren Pit,cloudy,RH/RT,-
1,1,5,8,2017-11-07,7,17:05:48,7.2,9.3,7.3,2.79,1.78,3.56,3.78,76.3,Araren Pit,Bright,RH/RT,-
1,1,5,8,2017-11-08,7,13:30:36,-,-,-,-,-,-,-,-,Araren Pit,cloudy,BK/RT,-
1,1,5,8,2017-11-09,7,13:36:22,-,-,-,-,-,-,-,-,Araren Pit,cloudy,BK/RT,Tools at Blambangan & Toka
1,1,5,8,2017-11-10,7,13:36:22,-,-,-,-,-,-,-,-,Araren Pit,cloudy,BK/RT,Tools at Blambangan
1,1,5,8,2017-11-11,7,13:07:47,-,-,-,-,-,-,-,-,Araren Pit,cloudy,AL/BK,Tools at Blambangan
1,1,5,8,2017-11-14,7,12:55:35,-,-,-,-,-,-,-,-,Araren Pit,cloudy,RT/BK,Tools at Blambangan
1,1,5,8,2017-11-22,7,13:10:22,-,-,-,-,-,-,-,-,Araren Pit,cloudy,NK/HM,Tools at Blambangan
1,1,5,8,2017-11-23,7,12:29:43,-,-,-,-,-,-,-,-,Araren Pit,cloudy,BK/RT,Tools at Blambangan & Toka
1,1,5,8,2017-11-24,7,12:59:43,-,-,-,-,-,-,-,-,Araren Pit,cloudy,BK,Tools at Blambangan & Toka
1,1,5,8,2017-11-25,7,13:57:23,-,-,-,-,-,-,-,-,Araren Pit,cloudy,RH/RT,Tools at Blambangan
1,1,5,8,2017-11-27,7,13:57:23,-,-,-,-,-,-,-,-,Araren Pit,cloudy,RH/RT,Tools at Blambangan
1,1,5,8,2017-11-28,7,12:29:47,-,-,-,-,-,-,-,-,Araren Pit,cloudy,RT/BK,Tools at Blambangan
1,1,5,8,2017-11-29,7,12:29:43,-,-,-,-,-,-,-,-,Araren Pit,cloudy,RT/BK,Tools at Blambangan
1,1,5,8,2017-12-06,7,12:41:13,-,-,-,-,-,-,-,-,Araren Pit,cloudy,AP,Tools at Blambangan
1,1,5,8,2017-12-08,7,12:37:01,-,-,-,-,-,-,-,-,Araren Pit,cloudy,RH/RT,Tools at Blambangan
1,1,5,8,2017-12-09,7,12:35:43,-,-,-,-,-,-,-,-,Araren Pit,cloudy,RH/RT,Tools at Blambangan
1,1,5,8,2017-12-11,7,12:35:43,8.8,12,7.5,4.32,2.79,5.33,5.65,57.5,Araren Pit,Bright,AL/BK,-
1,1,5,8,2017-12-21,7,14:25:06,-,-,-,-,-,-,-,-,Araren Pit,cloudy,RH/RT,Tools at Blambangan
1,1,5,8,2017-12-23,7,12:46:59,-,-,-,-,-,-,-,-,Araren Pit,cloudy,RH/RT,Tools at Blambangan
1,1,5,8,2017-12-27,7,12:42:11,-,-,-,-,-,-,-,-,Araren Pit,cloudy,RT/HM,Tools at Blambangan
1,1,5,8,2017-12-29,7,12:37:50,-,-,-,-,-,-,-,-,Araren Pit,cloudy,RT/RH/BK,Tools at Blambangan
1,1,5,8,2017-12-30,7,12:44:29,-,-,-,-,-,-,-,-,Araren Pit,cloudy,AL/BK,Tools at Blambangan
1,1,5,8,2018-01-03,7,12:32:03,-,-,-,-,-,-,-,-,Araren Pit,cloudy,AL/BK,Tools at Blambangan
1,1,5,8,2018-01-04,7,14:28:23,9.8,12,9.5,9.4,5.08,7.24,10.2,75,Araren Pit,Bright,AL/AP/PM,-
1,1,5,8,2018-01-11,7,12:56:16,-,-,-,-,-,-,-,-,Araren Pit,cloudy,AL/RT,Tools at Toka
1,1,5,8,2018-01-13,7,12:56:16,-,-,-,-,-,-,-,-,Araren Pit,cloudy,AL/AP,Tools at Toka
1,1,5,8,2018-01-15,7,12:41:12,-,-,-,-,-,-,-,-,Araren Pit,cloudy,AL/RH,Tools at Toka
1,1,5,8,2018-01-16,7,12:39:16,-,-,-,-,-,-,-,-,Araren Pit,cloudy,AL/AP,Tools at Toka
1,1,5,8,2018-01-17,7,13:07:01,-,-,-,-,-,-,-,-,Araren Pit,cloudy,AL/AP,Tools at Toka
1,1,5,8,2018-01-18,7,13:34:10,-,-,-,-,-,-,-,-,Araren Pit,cloudy,RH/RT,Tools at Toka
1,1,5,8,2018-01-19,7,12:30:11,-,-,-,-,-,-,-,-,Araren Pit,cloudy,AL/BK,Tools at Toka
1,1,5,8,2018-01-22,7,12:40:33,-,-,-,-,-,-,-,-,Araren Pit,cloudy,RH/RT,Tools at Blambangan
1,1,5,8,2018-01-23,7,12:45:29,-,-,-,-,-,-,-,-,Araren Pit,cloudy,AL/BK,Tools at Blambangan
1,1,5,8,2018-01-24,7,17:13:39,8.1,8.8,9.5,1.65,1.65,2.67,2.84,80,Araren Pit,Bright,RH/RT,-
1,1,5,8,2018-02-01,7,12:34:41,-,-,-,-,-,-,-,-,Araren Pit,cloudy,RH/RT,Tools at Blambangan
1,1,5,8,2018-02-02,7,12:41:02,-,-,-,-,-,-,-,-,Araren Pit,cloudy,AL/BK,Tools at Blambangan
1,1,5,8,2018-02-03,7,12:41:55,-,-,-,-,-,-,-,-,Araren Pit,cloudy,AL/BK,Tools at Blambangan
1,1,5,8,2018-02-05,7,12:40:04,-,-,-,-,-,-,-,-,Araren Pit,cloudy,RH/RT,Tools at Blambangan
1,1,5,8,2018-02-06,7,12:36:11,Not Trigered,Not Trigered,Not Trigered,Not Trigered,Not Trigered,Not Trigered,Not Trigered,Not Trigered,Araren Pit,cloudy,AL/BK,-
1,1,5,8,2018-02-07,7,13:02:52,-,-,-,-,-,-,-,-,Araren Pit,cloudy,RH/RT,Tools at Blambangan
1,1,5,8,2018-02-08,7,12:50:40,-,-,-,-,-,-,-,-,Araren Pit,cloudy,BK/HM,Tools at Blambangan
1,1,5,8,2018-02-10,7,13:41:16,-,-,-,-,-,-,-,-,Araren Pit,cloudy,RH/RT,Tools at Blambangan
1,1,5,8,2018-02-12,7,13:43:00,-,-,-,-,-,-,-,-,Araren Pit,cloudy,RH/RT,Tools at Blambangan
1,1,5,8,2018-02-15,7,12:49:34,-,-,-,-,-,-,-,-,Araren Pit,cloudy,BK/RH/RT,Tools at Blambangan
1,1,5,8,2018-02-16,7,12:33:01,-,-,-,-,-,-,-,-,Araren Pit,cloudy,BK,Tools at Blambangan
1,1,5,8,2018-02-19,7,12:30:00,Not Trigered,Not Trigered,Not Trigered,Not Trigered,Not Trigered,Not Trigered,Not Trigered,Not Trigered,Araren Pit,Bright,RH/RT,"Memory Full, merekord Hujan"
1,1,5,8,2018-02-20,7,12:30:00,Not Trigered,Not Trigered,Not Trigered,Not Trigered,Not Trigered,Not Trigered,Not Trigered,Not Trigered,Araren Pit,Bright,RH/RT,-
1,1,5,8,2018-02-26,7,13:17:43,-,-,-,-,-,-,-,-,Araren Pit,cloudy,BK,Tools at Blambangan
1,1,5,8,2018-02-27,7,12:45:25,-,-,-,-,-,-,-,-,Araren Pit,cloudy,BK,Tools at Blambangan
1,1,5,8,2018-03-05,7,12:45:38,11,11,8.7,6.98,4.06,5.71,7.55,76,Araren Pit,Bright,AL/BK,-
1,1,5,8,2018-03-06,7,12:35:35,8.1,10,9.8,6.48,3.68,5.33,7.73,74.5,Araren Pit,Bright,BK/RT,-
1,1,5,8,2018-03-07,7,12:37:49,17,14,9.5,5.08,2.41,2.92,5.32,74,Araren Pit,Bright,RT/RH,-
1,1,5,8,2018-03-10,7,12:37:21,7,19,8.3,1.78,1.4,2.29,2.48,79.9,Araren Pit,Bright,RT/RH,-
1,1,5,8,2018-03-12,7,12:47:45,-,-,-,-,-,-,-,-,Araren Pit,cloudy,AL/BK,Tools at Blambangan
1,1,5,8,2018-03-13,7,12:30:00,Not Trigered,Not Trigered,Not Trigered,Not Trigered,Not Trigered,Not Trigered,Not Trigered,Not Trigered,Araren Pit,Bright,AL/BK,-
1,1,5,8,2018-03-16,7,12:34:46,-,-,-,-,-,-,-,-,Araren Pit,cloudy,FB/RH,Tools at Blambangan
1,1,5,8,2018-03-19,7,12:30:00,Not Trigered,Not Trigered,Not Trigered,Not Trigered,Not Trigered,Not Trigered,Not Trigered,Not Trigered,Araren Pit,Bright,AL/BK,-
1,1,5,8,2018-03-22,7,17:14:12,Not Trigered,Not Trigered,Not Trigered,Not Trigered,Not Trigered,Not Trigered,Not Trigered,Not Trigered,Araren Pit,Bright,RT,-
1,1,5,8,2018-03-23,7,13:30:12,Not Trigered,Not Trigered,Not Trigered,Not Trigered,Not Trigered,Not Trigered,Not Trigered,Not Trigered,Araren Pit,Bright,RT,-
1,1,5,8,2018-03-24,7,17:12:39,26,30,27,0.889,1.02,1.14,1.2,69.2,Araren Pit,Bright,AP/RT,-
1,1,5,8,2018-03-26,7,13:53:53,13,17,14,8.25,5.59,9.65,9.75,77.2,Araren Pit,Bright,AL/RP,-
1,1,5,8,2018-03-28,7,12:32:50,11,8.3,9.5,5.08,2.67,3.94,6.16,69.2,Araren Pit,Bright,AP/RT,-
1,1,5,8,2018-03-29,7,13:30:00,Not Trigered,Not Trigered,Not Trigered,Not Trigered,Not Trigered,Not Trigered,Not Trigered,Not Trigered,Araren Pit,Bright,-,-
1,1,5,8,2018-03-31,7,13:30:00,Not Trigered,Not Trigered,Not Trigered,Not Trigered,Not Trigered,Not Trigered,Not Trigered,Not Trigered,Araren Pit,Bright,-,-
1,1,5,8,2018-04-03,7,13:06:54,-,-,-,-,-,-,-,-,Araren Pit,cloudy,AL/BK,Tools at Blambangan
1,1,5,8,2018-04-04,7,12:46:23,-,-,-,-,-,-,-,-,Araren Pit,cloudy,AL/BK,Tools at Blambangan
1,1,5,8,2018-04-05,7,12:54:59,-,-,-,-,-,-,-,-,Araren Pit,cloudy,AL/BK,Tools at Blambangan
1,1,5,8,2018-04-07,7,12:30:35,-,-,-,-,-,-,-,-,Araren Pit,cloudy,AL/BK,Tools at Blambangan
1,1,5,8,2018-04-09,7,13:37:18,-,-,-,-,-,-,-,-,Araren Pit,cloudy,AL/BK,Tools at Blambangan
1,1,5,8,2018-04-12,7,12:37:25,-,-,-,-,-,-,-,-,Araren Pit,cloudy,AL/BK,Tools at Blambangan
1,1,5,8,2018-04-14,7,13:30:00,-,-,-,-,-,-,-,-,Araren Pit,cloudy,AL/BK,Tools at Blambangan
1,1,5,8,2018-04-16,7,12:44:36,-,-,-,-,-,-,-,-,Araren Pit,cloudy,AL/BK,Tools at Blambangan
1,1,5,8,2018-04-18,7,12:40:00,Not Trigered,Not Trigered,Not Trigered,Not Trigered,Not Trigered,Not Trigered,Not Trigered,Not Trigered,Araren Pit,Bright,-,-
1,1,5,8,2018-04-19,7,12:40:00,Not Trigered,Not Trigered,Not Trigered,Not Trigered,Not Trigered,Not Trigered,Not Trigered,Not Trigered,Araren Pit,Bright,-,-
1,1,5,8,2018-04-24,7,12:59:52,-,-,-,-,-,-,-,-,Araren Pit,cloudy,AL/BK,Tools at Blambangan
1,1,5,8,2018-04-25,7,12:35:14,-,-,-,-,-,-,-,-,Araren Pit,cloudy,AL/BK,Tools at Blambangan
1,1,5,8,2018-04-28,7,12:43:27,-,-,-,-,-,-,-,-,Araren Pit,cloudy,BK/RT,Tools at Blambangan
1,1,5,8,2018-04-30,7,12:49:00,-,-,-,-,-,-,-,-,Araren Pit,cloudy,RT/RH,Tools at Blambangan
1,1,5,8,2018-05-01,7,12:30:00,-,-,-,-,-,-,-,-,Araren Pit,cloudy,RT/RH,Tools at Blambangan
1,1,5,8,2018-05-04,7,12:37:00,-,-,-,-,-,-,-,-,Araren Pit,cloudy,AL/BK,Tools at Blambangan
1,1,5,8,2018-05-05,7,12:30:00,-,-,-,-,-,-,-,-,Araren Pit,cloudy,AL/BK,Tools at Blambangan
1,1,5,8,2018-05-07,7,12:30:00,-,-,-,-,-,-,-,-,Araren Pit,cloudy,OS/AP,Tools at Blambangan
1,1,5,8,2018-05-08,7,12:27:26,-,-,-,-,-,-,-,-,Araren Pit,cloudy,BK,Tools at Blambangan
1,1,5,8,2018-05-09,7,12:30:00,-,-,-,-,-,-,-,-,Araren Pit,cloudy,RT/BK,Tools at Blambangan
1,1,5,8,2018-05-11,7,12:30:00,-,-,-,-,-,-,-,-,Araren Pit,cloudy,BK,Tools at Blambangan
1,1,5,8,2018-05-14,7,12:52:26,-,-,-,-,-,-,-,-,Araren Pit,cloudy,BK,Tools at Blambangan
1,1,5,8,2018-05-17,7,12:30:00,-,-,-,-,-,-,-,-,Araren Pit,Rain,AL/BK,Tools under Repair
1,1,5,8,2018-05-18,7,12:30:00,-,-,-,-,-,-,-,-,Araren Pit,Rain,AL/BK,Tools under Repair
1,1,5,8,2018-05-19,7,12:30:00,-,-,-,-,-,-,-,-,Araren Pit,Rain,AL/BK,Tools under Repair
1,1,5,8,2018-05-21,7,12:44:07,-,-,-,-,-,-,-,-,Araren Pit,Rain,AL/BK,Tools under Repair
1,1,5,8,2018-05-23,7,12:30:00,-,-,-,-,-,-,-,-,Araren Pit,Rain,-,Tools under Repair
1,1,5,8,2018-05-28,7,12:30:00,-,-,-,-,-,-,-,-,Araren Pit,Rain,-,Tools under Repair
1,1,5,8,2018-05-31,7,12:30:00,-,-,-,-,-,-,-,-,Araren Pit,Rain,-,Tools under Repair
1,1,5,8,2018-06-02,7,12:30:00,-,-,-,-,-,-,-,-,Araren Pit,-,-,Tools under Repair
1,1,5,8,2018-06-05,7,12:30:00,-,-,-,-,-,-,-,-,Araren Pit,-,-,Tools under Repair
1,1,5,8,2018-06-06,7,12:30:00,-,-,-,-,-,-,-,-,Araren Pit,-,-,Tools under Repair
1,1,5,8,2018-06-07,7,12:30:00,-,-,-,-,-,-,-,-,Araren Pit,-,-,Tools under Repair
1,1,5,8,2018-06-08,7,12:30:00,-,-,-,-,-,-,-,-,Araren Pit,-,-,Tools under Repair
1,1,5,8,2018-06-09,7,12:30:00,-,-,-,-,-,-,-,-,Araren Pit,-,-,Tools under Repair
1,1,5,8,2018-06-11,7,12:30:00,-,-,-,-,-,-,-,-,Araren Pit,-,-,Tools under Repair
1,1,5,8,2018-06-14,7,12:30:00,-,-,-,-,-,-,-,-,Araren Pit,-,-,Tools under Repair
1,1,5,8,2018-06-16,7,12:30:00,-,-,-,-,-,-,-,-,Araren Pit,-,-,Tools under Repair
1,1,5,8,2018-06-18,7,12:30:00,-,-,-,-,-,-,-,-,Araren Pit,-,-,Tools under Repair
1,1,5,8,2018-06-20,7,12:30:00,-,-,-,-,-,-,-,-,Araren Pit,-,-,Tools under Repair
1,1,5,8,2018-06-21,7,12:30:00,-,-,-,-,-,-,-,-,Araren Pit,-,-,Tools under Repair
1,1,5,8,2018-06-22,7,12:30:00,-,-,-,-,-,-,-,-,Araren Pit,-,-,Tools under Repair
1,1,5,8,2018-06-23,7,12:30:00,-,-,-,-,-,-,-,-,Araren Pit,-,-,Tools under Repair
1,1,5,8,2018-06-26,7,12:30:00,-,-,-,-,-,-,-,-,Araren Pit,-,-,Tools under Repair
1,1,5,8,2018-06-30,7,12:30:00,-,-,-,-,-,-,-,-,Araren Pit,-,-,Tools under Repair
1,1,5,8,2018-07-02,7,12:30:00,-,-,-,-,-,-,-,-,Araren Pit,-,-,Tools under Repair
1,1,5,8,2018-07-12,7,12:30:00,-,-,-,-,-,-,-,-,Araren Pit,-,-,Tools under Repair
1,1,5,8,2018-07-14,7,12:30:00,-,-,-,-,-,-,-,-,Araren Pit,-,-,Tools under Repair
1,1,5,8,2018-07-17,7,12:30:00,-,-,-,-,-,-,-,-,Araren Pit,-,-,Tools under Repair
1,1,5,8,2018-07-19,7,12:30:00,-,-,-,-,-,-,-,-,Araren Pit,-,-,Tools under Repair
1,1,5,8,2018-07-23,7,12:30:00,-,-,-,-,-,-,-,-,Araren Pit,-,-,Tools under Repair
1,1,5,8,2018-07-24,7,12:30:00,-,-,-,-,-,-,-,-,Araren Pit,-,-,Tools under Repair
1,1,5,8,2018-07-27,7,12:30:00,-,-,-,-,-,-,-,-,Araren Pit,-,-,Tools under Repair
1,1,5,8,2018-07-31,7,12:30:00,-,-,-,-,-,-,-,-,Araren Pit,-,-,Tools under Repair
1,1,5,8,2018-08-01,7,12:30:00,-,-,-,-,-,-,-,-,Araren Pit,-,-,Tools under Repair
1,1,5,8,2018-08-03,7,12:30:00,-,-,-,-,-,-,-,-,Araren Pit,-,-,Tools under Repair
1,1,5,8,2018-08-06,7,12:30:00,-,-,-,-,-,-,-,-,Araren Pit,-,-,Tools under Repair
1,1,5,8,2018-08-08,7,12:30:00,-,-,-,-,-,-,-,-,Araren Pit,-,-,Tools under Repair
1,1,5,8,2018-08-09,7,12:30:00,-,-,-,-,-,-,-,-,Araren Pit,-,-,Tools under Repair
1,1,5,8,2018-08-27,7,12:30:00,-,-,-,-,-,-,-,-,Araren Pit,-,-,Tools under Repair
1,1,5,8,2018-09-01,7,12:30:00,-,-,-,-,-,-,-,-,Araren Pit,-,-,Tools under Repair
1,1,5,8,2018-09-03,7,12:30:00,-,-,-,-,-,-,-,-,Araren Pit,-,-,Tools under Repair
1,1,5,8,2018-09-04,7,12:30:00,-,-,-,-,-,-,-,-,Araren Pit,-,-,Tools under Repair
1,1,5,8,2018-10-09,7,12:45:41,-,-,-,-,-,-,-,-,Araren Pit,-,-,Tools under Repair
1,1,5,8,2018-10-12,7,12:28:28,-,-,-,-,-,-,-,-,Araren Pit,-,-,Tools under Repair
1,1,5,8,2018-10-23,7,12:26:28,11,17,16,5.71,2.92,5.08,7.02,72.9,Araren Pit,-,BK/FP/RT,-
1,1,5,8,2018-11-10,7,12:45:49,-,-,-,-,-,-,-,-,Araren Pit,cloudy,R/BK,Tools at Blambangan
1,1,5,8,2018-11-15,7,12:43:47,-,-,-,-,-,-,-,-,Araren Pit,cloudy,FP/BK,Tools at Blambangan
1,1,5,8,2018-11-17,7,12:42:20,-,-,-,-,-,-,-,-,Araren Pit,cloudy,BK/AP,Tools at Blambangan
1,1,5,8,2018-11-19,7,12:30:28,-,-,-,-,-,-,-,-,Araren Pit,cloudy,BK/HM,Tools at Blambangan
1,1,5,8,2018-11-20,7,12:33:14,-,-,-,-,-,-,-,-,Araren Pit,cloudy,BK/HM,Tools at Blambangan
1,1,5,8,2018-11-23,7,12:30:26,-,-,-,-,-,-,-,-,Araren Pit,cloudy,BK/HM,Tools at Blambangan
1,1,5,8,2018-11-24,7,12:33:44,-,-,-,-,-,-,-,-,Araren Pit,cloudy,BK/HM,Tools at Blambangan
1,1,5,8,2018-11-26,7,12:31:55,-,-,-,-,-,-,-,-,Araren Pit,cloudy,BK/HM,Tools at Blambangan
1,1,5,8,2018-11-28,7,12:16:03,-,-,-,-,-,-,-,-,Araren Pit,cloudy,BK/FP,Tools at Blambangan
1,1,5,8,2018-12-10,7,12:27:28,Not Trigered,-,-,-,-,-,-,-,Araren Pit,-,-,-
1,1,5,8,2018-12-28,7,12:16:03,Not Trigered,-,-,-,-,-,-,-,Araren Pit,-,-,-
1,1,5,8,2018-12-31,7,12:44:51,6.6,21,7.9,2.16,1.65,3.43,3.58,85.1,Araren Pit,cloudy,-,-
1,1,5,8,2019-01-03,7,15:37:59,Not Trigered,-,-,-,-,-,-,-,Araren Pit,-,-,-
1,1,5,8,2019-01-04,7,12:30:23,Not Trigered,-,-,-,-,-,-,-,Araren Pit,-,-,-
1,1,5,8,2019-01-05,7,12:55:27,Not Trigered,-,-,-,-,-,-,-,Araren Pit,-,-,-
1,1,5,8,2019-01-07,7,12:29:54,Not Trigered,-,-,-,-,-,-,-,Araren Pit,-,-,-
1,1,5,8,2019-01-16,7,12:58:16,Not Trigered,-,-,-,-,-,-,-,Araren Pit,-,-,-
1,1,5,8,2019-01-23,7,13:01:11,Not Trigered,-,-,-,-,-,-,-,Araren Pit,-,-,-
1,1,5,8,2019-01-25,7,12:42:49,Not Trigered,-,-,-,-,-,-,-,Araren Pit,-,-,-
1,1,5,8,2019-02-09,7,12:30:00,Not Trigered,-,-,-,-,-,-,-,Araren Pit,-,BK/FP,-
1,1,5,8,2019-02-27,7,12:48:22,Not Trigered,-,-,-,-,-,-,-,Araren Pit,-,BK/FP,-
1,1,5,8,2019-03-06,7,12:48:22,Not Trigered,-,-,-,-,-,-,-,Araren Pit,-,BK/FP,-
1,1,5,8,2019-03-18,7,12:37:43,Not Trigered,-,-,-,-,-,-,-,Araren Pit,-,BK/FP,-
1,1,5,8,2019-03-22,7,12:37:43,Not Trigered,-,-,-,-,-,-,-,Araren Pit Stage 4,-,BK/FP,-
1,1,5,8,2019-05-04,7,12:28:14,Not Trigered,-,-,-,-,-,-,-,Araren Pit Stage 4,-,BK/FP,-
1,1,5,8,2019-05-06,7,13:08:26,Not Trigered,-,-,-,-,-,-,-,Araren Pit Stage 4,-,BK/FP,-
1,1,5,8,2019-05-08,7,12:31:16,Not Trigered,-,-,-,-,-,-,-,Araren Pit Stage 4,-,BK/FP,-
1,1,5,8,2019-05-09,7,12:59:01,Not Trigered,-,-,-,-,-,-,-,Araren Pit Stage 4,-,BK/FP,-
1,1,5,8,2019-05-29,7,12:50:34,Not Trigered,-,-,-,-,-,-,-,Araren Pit Stage 4,-,BK/FP,-
