user_id,codedust_id,date_in,date_out,m4,m3,m6,m5,no_insect,vb_dirt,vb_algae,area_observation,observer,volume_filtrat,total_vlm_water,remarks
1,2,2008-07-25,2008-08-25,0.2825,0.2759,-,-,2,No,No,-,Chalik & Roddy,-,-,-
1,2,2008-08-25,2008-09-24,0.192,0.1863,-,-,-,-,-,-,-,-,-,-
1,2,2008-09-24,2008-10-25,1.1428,1.0636,-,-,2,Yes,No,-,Onlie&Rodie,-,-,-
1,2,2008-10-25,2008-11-25,0.7261,0.7069,-,-,2,Yes,No,grass cutting 2 weeks ago,Onlie&Rodie,-,-,-
1,2,2008-11-25,2008-12-24,0.3914,0.373,-,-,20,No,No,grass cutting 2 weeks ago,Onlie&Rodie,-,-,-
1,2,2008-12-24,2009-01-24,1.7481,1.7047,-,-,4,No,No,Grass Cutting,Harjoko,-,-,-
1,2,2009-01-24,2009-02-25,0.2866,0.2532,-,-,2,No,No,-,Jelly & Fanno,-,-,-
1,2,2009-02-25,2009-03-25,0.0875,0.0827,-,-,2,No,No,-,Jelly & Royke,-,-,-
1,2,2009-03-25,2009-04-24,0.4191,0.4072,-,-,12,No,No,-,Jelly & Fanno,-,-,-
1,2,2009-04-24,2009-05-20,0.2544,0.2491,-,-,3,No,No,Bush fire in west side down hill,Jelly & Fanno,-,-,-
1,2,2009-05-20,2009-06-22,0.3269,0.3216,-,-,2,No,No,"low grass, bushfire northen side app.200m",Harjoko,-,-,-
1,2,2009-06-22,2009-07-23,0.6505,0.6415,-,-,2,No,No,"No activity, grass high",Jelly & RoddY,-,-,-
1,2,2009-07-23,2009-08-21,0.2706,0.2454,-,-,0,No,No,Dry,Jelly & RoddY,-,-,For analysis add 1 L Aquades
1,2,2009-08-21,2009-09-22,0.4956,0.487,-,-,0,Yes,No,Burning Area,Jelly & RoddY,-,-,-
1,2,2009-09-22,2009-10-09,0.8775,0.7468,-,-,17,Yes,No,Burning Area,Jelly & Royke,-,-,-
1,2,2009-10-09,2009-11-22,0.6019,0.5906,-,-,8,No,No,Farmer Activity,JM,-,6220,-
1,2,2009-11-22,2009-12-20,0.6969,0.6788,-,-,8,Yes,No,grass cutting 5 days ago,Rolke,-,5800,-
1,2,2009-12-20,2010-01-20,1.204,1.1965,-,-,6,No,No,Farmer Activity,JM & Rolke,-,4400,-
1,2,2010-01-20,2010-02-20,0.6564,0.6498,-,-,8,No,No,Farmer Activity,Fanno & Mahmud,-,5850,-
1,2,2010-02-20,2010-03-22,0.4964,0.4946,-,-,3,No,No,Farmer Activity,Onlie,-,600,-
1,2,2010-03-22,2010-04-20,1.6291,1.6128,-,-,15,No,No,Alang-alang area,JM & Rolke,-,6350,-
1,2,2010-04-20,2010-05-20,1.209,1.1842,-,-,10,Yes,No,Alang-alang area,Onlie & Rolke,-,4100,-
1,2,2010-05-20,2010-06-20,0.8094,0.7931,-,-,2,No,No,Alang-alang area,Onlie & Nus,-,2100,-
1,2,2010-06-20,2010-07-20,0.7966,0.7869,-,-,5,Yes,No,Close the road,JM/OS,-,2750,-
1,2,2010-07-20,2010-08-20,1.6145,1.5623,-,-,3,Yes,No,Close the road,RDC/Robby.N,-,4550,There was a lizard
1,2,2010-08-20,2010-09-20,0.7501,0.7324,-,-,3,Yes,No,Mining Activity,OS/MW,-,2800,-
1,2,2010-09-20,2010-10-20,0.8311,0.8015,-,-,2,Yes,Yes,Close the road,OS/MW,-,2500,There was a lizard
1,2,2010-10-20,2010-11-23,0.8305,0.8076,-,-,18,Yes,No,Mining Activity,RDC/AL,-,4600,There was a lizard
1,2,2010-11-23,2010-12-20,0.8249,0.8143,-,-,0,No,No,"Farmer Activity, Grass Cutting 6 days before sampling",OS/AL,-,4650,-
1,2,2010-12-20,2011-01-20,0.8231,0.8163,-,-,1,No,No,"Farmer activity, rapiter radio",OS,-,3300,-
1,2,2011-01-20,2011-02-20,0.7886,0.7756,-,-,5,Yes,No,PSI Activity (Drilling),OS/MW,-,8850,There was a lizard
1,2,2011-02-20,2011-03-20,0.7903,0.7819,-,-,3,No,No,"Blasting,surveyor activity, Exploration activity",OS/MW,-,5750,-
1,2,2011-03-20,2011-04-21,0.8298,0.8047,-,-,3,Yes,No,Blasting & Exploration activity,OS,-,6250,-
1,2,2011-04-21,2011-05-21,0.8173,0.8035,-,-,3,No,No,"Survey activity, Blasting crew area.",OS/MW,-,4700,-
1,2,2011-05-21,2011-06-21,0.8209,0.8139,-,-,15,No,No,"Mining activity, survey activity, Blasting activity.",OS,-,4350,-
1,2,2011-06-21,2011-07-20,0.8187,0.7868,-,-,0,Yes,No,"Leighton activity, blasting activity",OS,-,Dry,-
1,2,2011-07-20,2011-08-20,0.8079,0.8061,-,-,0,-,No,"Mining activity, blasting activity",OS/MW,-,Dry,Dust gauge bottle break
1,2,2011-08-20,2011-09-20,0.8273,0.7778,-,-,8,Yes,No,"LCI, mining activity, blasting activity",OL,-,1300,-
1,2,2011-09-20,2011-10-21,0.7965,0.7854,-,-,1,Yes,No,"Mining activity, blasting activity",Novry/Anita,-,2600,-
1,2,2011-10-21,2011-11-21,0.8478,0.8393,-,-,11,Yes,No,"Mining activity, blasting activity",Andrias/Anita,-,3400,-
1,2,2011-11-21,2011-12-22,0.8148,0.8137,-,-,3,Yes,No,"Mining activity, blasting kotoran burung",Mahmud/Arter,-,3750,-
1,2,2011-12-22,2012-01-20,0.8513,0.8347,-,-,5,No,No,"Blasting,bacthing plant & crew survey activity",ONLIe/OA,-,4750,-
1,2,2012-01-20,2012-02-20,0.8298,0.823,-,-,1,No,No,Mining & Blasting activity.,Onlie,-,5250,-
1,2,2012-02-20,2012-03-20,0.8396,0.8304,-,-,12,No,No,LCI activity Toka blasting,Andrias.l,-,9000,-
1,2,2012-03-20,2012-04-20,0.8206,0.7917,-,-,3,Yes,Yes,"Mining act,blast act,survey act,grass cutting act",FB/NR,-,-,There was a dead spider in the bottle
1,2,2012-04-20,2012-05-20,0.8628,0.8267,-,-,1,Yes,No,"Mining act,blast act,survey act,grass cutting act",RH,-,6350,-
1,2,2012-05-20,2012-06-20,0.7898,0.7881,-,-,1,Yes,No,"Blast act, LCI act at Toka",AL/RH,-,250,Botol pecah
1,2,2012-06-20,2012-07-20,0.8097,0.8068,-,-,4,No,No,"Mining act, Blasting act",AP/RH,-,1625,-
1,2,2012-07-20,2012-08-22,0.8206,0.81,-,-,0,Yes,No,"Mining act, Blasting act, grass cutting activity",AL/TL,-,0,No Water in the gallon (Dry)
1,2,2012-08-22,2012-09-20,0.8649,0.8103,-,-,3,Yes,No,Exploration and mining act,DA/TL,-,975,-
1,2,2012-09-20,2012-10-20,0.835,0.8151,-,-,2,No,No,"Toko,Blasting act,grass cuting act",CA/AL,-,150,Botol pecah
1,2,2012-10-20,2012-11-20,0.8296,0.7957,-,-,8,No,No,"Mining act, blasting act",RH/SM,-,7000,-
1,2,2012-11-20,2012-12-20,0.8145,0.8084,-,-,8,No,No,"Grass catter act,LCI mobile act,blast act",AL/JK,-,4500,-
1,2,2012-12-20,2013-01-21,0.8367,0.8219,-,-,10,No,Yes,"Mining act, blasting act",RH,-,6950,-
1,2,2013-01-21,2013-02-20,0.8238,0.8088,-,-,11,No,No,"Mining mobile act, PSI drilling, grass cutter act, Blasting act.",AL/SM,-,9500,-
1,2,2013-02-20,2013-03-20,0.8115,0.7918,-,-,5,No,No,"Mining mobile act, grass cutter act, Blasting act.",AL/CR,-,1850,-
1,2,2013-03-20,2013-04-20,0.8172,0.8059,-,-,21,No,No,"Mining mobile act, grass cutter act, Blasting act, exploration act.",AP/CR,-,5750,-
1,2,2013-04-20,2013-05-20,0.8159,0.8154,-,-,11,Yes,No,"Mining mobile act, grass cutter act, Blasting act.",DA/RH,-,-,-
1,2,2013-05-20,2013-06-21,0.747,0.7461,-,-,17,No,No,"Mining mobile act, Blasting act.",AP/CR,-,1950,-
1,2,2013-06-21,2013-07-20,0.7903,0.7892,-,-,3,No,No,"Mining mobile act, Blasting act.",AP/CR,-,5250,-
1,2,2013-07-20,2013-08-20,0.8282,0.7856,-,-,5,Yes,No,"Mining mobile act, Blasting act.",DA/AL,-,2100,-
1,2,2013-08-20,2013-09-20,0.819,0.8011,-,-,1,No,No,"Mining mobile act, Blasting act.",DA/RH,-,1100,-
1,2,2013-09-20,2013-10-20,0.8006,0.7993,-,-,2,No,No,"Mining mobile act, Blasting act.",RH/CR,-,2450,-
1,2,2013-10-20,2013-11-21,0.8245,0.8219,-,-,2,Yes,No,"Mining mobile act, Blasting act.",CR/RH,-,6100,-
1,2,2013-11-21,2013-12-20,0.8036,0.7961,-,-,13,No,No,"Mining mobile act, Blasting act.",AL,-,1700,-
1,2,2013-12-20,2014-01-19,0.8,0.796,-,-,3,No,No,"Mining mobile act, Blasting act.",AL/RT,-,7000,-
1,2,2014-01-19,2014-02-20,0.7661,0.7658,-,-,3,No,No,Road Activity,AP/RH,-,4100,-
1,2,2014-02-20,2014-03-21,0.8133,0.8129,-,-,1,No,No,Toka mining activity,DA/CR,-,1400,-
1,2,2014-03-21,2014-04-20,0.7685,0.7682,-,-,2,No,No,Toka mining activity,DA/AL,-,5000,-
1,2,2014-04-20,2014-05-20,0.795,0.7946,-,-,5,No,No,"Grass cutter activity, toka mining activity",AL/RT,-,2500,-
1,2,2014-05-20,2014-06-21,0.7848,0.782,-,-,4,No,No,Toka mining activity,DA/AL,-,2300,-
1,2,2014-06-21,2014-07-22,0.8129,0.8088,-,-,3,No,No,Toka mining activity,RH/RT,-,2200,-
1,2,2014-07-22,2014-08-21,0.7738,0.7732,-,-,2,No,No,Toka mining activity,DA/AL,-,400,Added aquades 500 ml
1,2,2014-08-21,2014-09-20,0.8075,0.7957,-,-,0,No,No,Toka mining activity,RH,-,1500,-
1,2,2014-09-20,2014-10-22,0.8486,0.8268,-,-,0,No,No,Toka mining activity,RH,-,600,Added aquades 1000 ml
1,2,2014-10-22,2014-11-20,0.8465,0.832,-,-,10,No,No,Toka mining activity,DA/AL,-,4500,-
1,2,2014-11-20,2014-12-20,0.8506,0.8451,-,-,20,No,No,Toka mining activity,AP/CR/RT,-,4500,-
1,2,2014-12-20,2015-01-20,0.8291,0.8286,-,-,8,No,No,"Toka mining activity, grass cutter act",AL/RT/BK/CR,-,6000,-
1,2,2015-01-20,2015-02-20,-,-,-,-,3,No,No,Toka mining activity,RH/BK,-,-,Botle send to WLN
1,2,2015-02-20,2015-03-20,0.8393,0.8387,-,-,1,Yes,No,Toka mining activity,AP/RT,-,1500,-
1,2,2015-03-20,2015-04-20,0.8431,0.841,-,-,2,Yes,No,Toka mining activity,AP/RT,-,3950,-
1,2,2015-04-20,2015-05-18,-,-,-,-,0,Yes,No,Toka mining activity,RH,-,-,Botle send to WLN
1,2,2015-05-19,2015-06-21,0.8237,0.8158,-,-,0,No,No,Toka mining activity,AP/RT,-,1550,-
1,2,2015-06-21,2015-07-21,0.8314,0.8235,-,-,0,Yes,No,Toka mining activity,AL/CR,-,250,Added 1000 ml aquades
1,2,2015-07-21,2015-08-19,-,-,-,-,0,No,No,Toka mining activity,AL/RT,-,0,Bottle lost
1,2,2015-08-19,2015-09-20,-,-,-,-,0,-,-,Toka mining activity,RT/BK,-,0,Bottle lost
1,2,2015-09-20,2015-10-20,0.8051,0.8007,-,-,0,No,No,Toka mining activity,CR/RH,-,0,Added 1000 ml aquades
1,2,2015-10-20,2015-11-19,-,-,-,-,0,No,No,Toka mining activity,CR/RH,-,0,Botle lost
1,2,2015-11-19,2015-12-16,0.8106,0.8085,-,-,0,No,No,Toka mining activity,AL/CR,-,1000,-
1,2,2015-12-16,2016-01-18,0.814,0.8138,-,-,4,No,No,Toka mining activity,RT/BK,-,1000,-
1,2,2016-01-18,2016-02-21,0.8174,0.8061,-,-,0,No,No,Toka mining activity,RT/BK,-,100,Added 1000 ml aquades
1,2,2016-02-21,2016-03-22,-,-,-,-,0,No,No,Toka mining activity,CR/RT,-,1850,Botle send to WLN
1,2,2016-03-22,2016-04-19,0.8158,0.8151,-,-,3,No,No,Toka mining activity,BK/CR,-,150,Added 1000 ml aquades
1,2,2016-04-19,2016-05-23,-,-,-,-,5,No,No,Toka mining activity,RH/RT,-,1250,Botle send to WLN
1,2,2016-05-23,2016-06-22,0.8199,0.8193,-,-,1,No,No,Toka mining activity,RH/RT,-,1251,-
1,2,2016-06-22,2016-07-21,0.8043,0.804,-,-,1,No,No,Toka mining activity,RH/RT,-,2000,-
1,2,2016-07-21,2016-08-22,0.887,0.807,-,-,-,-,-,-,-,-,1500,-
1,2,2016-08-22,2016-09-20,-,-,-,-,3,No,No,Toka mining activity,RT/CR/BK,-,1100,Bottle send to WLN
1,2,2016-09-20,2016-10-20,0.8029,0.8026,-,-,0,No,No,Toka mining activity,RT/BK,-,0,Add aquades 1000 ml
1,2,2016-10-20,2016-11-22,-,-,-,-,0,No,No,Toka mining activity,RT/RH/BK,-,0,No Gallon
1,2,2016-11-22,2016-12-20,-,-,-,-,0,No,No,Toka mining activity,RH/RT,-,0,No Gallon
1,2,2017-08-20,2017-09-21,0.896,0.826,5.5304,5.5282,3,No,No,"Pos security act, road traffic act",RH/RT,25,1980,-
1,2,2017-09-21,2017-10-21,0.8325,0.8322,5.5323,5.53,3,No,No,"Pos security act, road traffic act",RH/RT,25,3200,Bottle Send to WLN
1,2,2017-10-21,2017-11-21,0.829,0.8216,5.4463,5.4281,3,No,No,"Pos security act, road traffic act",RH/RT,25,1280,-
1,2,2017-11-21,2017-12-21,0.819,0.8127,5.529,5.516,3,No,No,"Pos security act, road traffic act",RH/RT,25,1000,-
1,2,2017-12-21,2018-01-21,0.8254,0.825,5.4303,5.4178,3,No,No,"Pos security act, road traffic act",RH/RT,25,1000,-
1,2,2018-01-21,2018-02-21,0.807,0.8068,5.435,5.4171,3,No,No,"Pos security act, road traffic act",RH/RT,25,1000,-
1,2,2018-02-21,2018-03-20,-,-,-,-,4,No,No,"Pos security act, road traffic act",RH/RT,25,1000,-
1,2,2018-03-20,2018-04-20,0.807,0.8068,5.435,5.4171,3,No,No,"Pos security act, road traffic act",RH/RT,25,1000,-
1,2,2018-04-20,2018-05-20,0.807,0.8068,5.435,5.4171,3,No,No,"Pos security act, road traffic act",RH/RT,25,1000,-
1,2,2018-05-20,2018-06-20,-,-,-,-,3,No,No,"Pos security act, road traffic act",RH/RT,25,1000,-
1,2,2018-06-21,2018-07-24,0.8267,0.8264,5.4341,5.4267,3,No,No,"Pos security act, road traffic act",RH/RT,25,1000,-
1,2,2018-07-21,2018-08-24,0.8235,0.8231,5.4474,5.4374,3,No,No,"Pos security act, road traffic act",RH/RT,25,1000,-
1,2,2018-08-25,2018-09-24,-,-,-,-,3,No,No,"Pos security act, road traffic act",RH/RT,25,1000,-
1,2,2018-09-25,2018-10-29,0.844,0.8211,5.4555,5.4494,3,No,No,"Pos security act, road traffic act",RH/RT,25,1000,-
1,2,2018-10-30,2018-11-27,-,-,-,-,2,No,No,"Pos security act, road traffic act",RH/RT,-,-,Botol Send to WLN
1,2,2018-11-28,2018-12-24,0.869,0.833,5.4724,5.4654,2,No,No,"Pos security act, road traffic act",RH/RT,25,800,-
1,2,2018-12-25,2019-01-22,0.8211,0.8203,5.4997,5.4943,2,No,No,"Pos security act, road traffic act",RH/RT,25,1000,-
1,2,2019-01-23,2019-02-22,0.8444,0.8432,3.062,3.0369,2,No,No,"Pos security act, road traffic act",RH/RT,25,1000,-
1,2,2019-02-23,2019-03-25,0.8422,0.8419,2.9575,2.9554,2,No,No,"Pos security act, road traffic act",RH/RT,25,1000,-
1,2,2019-03-23,2019-04-25,0.8432,0.8312,2.449,2.445,2,No,No,"Pos security act, road traffic act",RH/RT,25,1500,-
1,2,2019-04-25,2019-05-27,-,-,-,-,2,No,No,"Pos security act, road traffic act",RH/RT,25,1400,-
1,2,2019-05-27,2019-06-20,0.807,0.8068,5.435,5.4171,2,No,No,"Pos security act, road traffic act",AL/FP,25,1000,-
1,2,2019-06-20,2019-07-20,0.8193,0.8132,5.5294,5.5165,2,No,No,"Pos security act, road traffic act",BK,25,1000,-
1,2,2019-08-20,2019-09-23,0.8327,0.8279,2.9705,2.9618,2,No,No,"Pos security act, road traffic act",OS/FR,25,1500,-
1,2,2019-09-23,2019-10-23,0.8216,0.8174,3.001,2.9565,2,No,No,"Pos security act, road traffic act",RT,25,200,-
1,2,2019-11-20,2019-12-20,0.8126,0.7982,5.5474,5.4436,2,No,No,"Pos security act, road traffic act",RT,25,320,-
1,2,2019-12-20,2020-01-20,0.8257,0.8231,5.878,5.8762,3,No,No,"Pos security act, road traffic act",BK/RT,25,600,-
1,2,2020-01-20,2020-02-25,-,-,-,-,-,-,-,"Pos security act, road traffic act",-,25,-,Botol Send to ITS
1,2,2020-02-25,2020-03-24,-,-,-,-,-,-,-,"Pos security act, road traffic act",-,25,-,-
1,2,2020-03-24,2020-04-22,-,-,-,-,-,-,-,"Pos security act, road traffic act",-,25,-,-
1,2,2020-04-22,2020-05-20,-,-,-,-,-,-,-,"Pos security act, road traffic act",-,25,-,-
1,2,2020-05-20,2020-06-23,-,-,-,-,-,-,-,"Pos security act, road traffic act",-,25,-,-
1,2,2020-06-23,2020-07-23,-,-,-,-,-,-,-,"Pos security act, road traffic act",-,25,-,-
1,2,2020-07-23,2020-08-20,-,-,-,-,-,-,-,"Pos security act, road traffic act",-,25,-,Botol Send to WLN
1,2,2020-08-20,2020-09-20,0.8098,0.8076,5.4659,5.4639,2,No,No,"Pos security act, road traffic act",FP/JK,25,300,-
1,2,2020-09-20,2020-10-21,-,-,-,-,-,No,No,"Pos security act, road traffic act",FP/JK,25,-,Botol Send to WLN
1,2,2020-10-21,2020-11-21,0.8139,0.7993,5.4729,5.4672,-,No,No,"Pos security act, road traffic act",BK/FR,25,500,-
1,2,2020-11-21,2020-12-21,0.8451,0.8431,5.4809,5.4781,-,No,No,"Pos security act, road traffic act",RT/FP,25,650,-
1,2,2020-12-21,2021-01-24,0.8206,0.8197,5.4917,5.4807,12,No,No,"Pos security act, road traffic act",FP/JK,25,500,-
1,2,2021-01-24,2021-02-25,-,-,-,-,2,No,No,"Pos security act, road traffic act",FP/JK,25,-,Botol Send to WLN
1,2,2021-02-25,2021-03-23,0.8545,0.8541,5.4944,5.4914,3,No,No,"Pos security act, road traffic act",BK/JK,25,1400,-
1,2,2021-03-23,2021-04-22,0.8358,0.8347,5.5035,5.5024,8,No,No,"Pos security act, road traffic act",BK/FR/RT,25,100,-
1,2,2021-04-22,2021-05-25,-,-,-,-,4,No,No,"Pos security act, road traffic act",BK/FP,25,-,Botol Send to WLN
1,2,2021-05-25,2021-06-23,0.8479,0.8213,5.5294,5.5184,4,no,no,"Pos security act, road traffic act, Toka Pit",BK,20,200,-
1,2,2021-06-23,2021-07-23,0.8439,0.843,5.5293,5.5291,3,no,no,"Pos security act, road traffic act, Toka Pit",BK,20,1000,-
1,2,2021-07-23,2021-08-19,-,-,-,-,3,no,no,"Pos security act, road traffic act, Toka Pit",BK/FP,-,-,Botol Send to WLN
1,2,2021-08-19,2021-09-24,0.8362,0.8231,5.5395,5.5383,8,no,no,"Pos security act, road traffic act, Toka Pit",NB/FK,25,600,-
1,2,2021-09-24,2021-10-21,0.8556,0.8497,5.5552,5.5495,2,no,no,"Pos security act, road traffic act, Toka Pit",BK/FR/HM,25,300,-
1,2,2021-10-21,2021-11-23,-,-,-,-,5,no,no,"Pos security act, road traffic act, Toka Pit",BK/JK,-,-,Botol Send to WLN
1,2,2021-11-23,2021-12-20,0.8314,0.8267,5.4828,5.4784,4,no,no,"Pos security act, road traffic act, Toka Pit",FR/PP,25,1600,-
1,2,2021-12-20,2022-01-22,-,-,-,-,9,no,no,"Pos security act, road traffic act, Toka Pit",BK/FK,-,-,Botol Send to WLN
1,2,2022-01-22,2022-02-23,0.8269,0.8223,5.4978,5.495,3,no,no,"Pos security act, road traffic act, Toka Pit",BK/FP,25,1236,-
1,2,2022-02-23,2022-03-27,0.8481,0.843,5.5171,5.5124,5,no,no,"Pos security act, road traffic act, Toka Pit",BK/JK,25,890,-
1,2,2022-03-27,2022-04-20,-,-,-,-,5,no,no,"Pos security act, road traffic act, Toka Pit",BK/FR,-,-,Botol Send to WLN
1,2,2022-04-20,2022-05-25,0.8442,0.8407,5.4852,5.4819,5,no,no,"Pos security act, road traffic act, Toka Pit",BK/JK,25,1170,-
1,2,2022-05-25,2022-06-22,0.8197,0.819,3.0084,2.9924,1,no,no,"Pos security act, road traffic act, Toka Pit",FP/HM/NB,25,1400,-
1,1,2008-07-25,2008-08-25,0.3668,0.355,-,-,-,No,No,Perbaikan Jalan,Chalik & Roddy,-,-,-
1,1,2008-08-25,2008-09-24,0.2932,0.2848,-,-,-,Yes,Yes,-,-,-,-,-
1,1,2008-09-24,2008-10-25,0.3994,0.3839,-,-,-,No,No,-,Onlie&Rodie,-,-,-
1,1,2008-10-25,2008-11-25,0.4464,0.4341,-,-,-,No,No,"No activity, grass around was high, ",Onlie&Rodie,-,-,-
1,1,2008-11-25,2008-12-24,0.3064,0.3016,-,-,-,No,No,"No activity, grass around was high, ",Onlie&Rodie,-,-,-
1,1,2008-12-24,2009-01-24,0.4502,0.4398,-,-,-,No,No,Grass cutting a week before sampling,Harjoko,-,-,-
1,1,2009-01-24,2009-02-25,0.254,0.2481,-,-,-,No,No,"No activity, grass around was high, ",Jelly & Fanno,-,-,-
1,1,2009-02-25,2009-03-25,0.2513,0.2467,-,-,-,No,No,-,Jelly & Royke,-,-,-
1,1,2009-03-25,2009-04-24,0.1682,0.1605,-,-,-,No,No,-,Jelly & Fanno,-,-,-
1,1,2009-04-24,2009-05-20,0.0861,0.0835,-,-,-,No,No,"No activity, grass around was high, ",Jelly & Fanno,-,-,-
1,1,2009-05-20,2009-06-22,0.3341,0.3223,-,-,-,No,No,Grass cutting a week before sampling,Harjoko,-,5000,-
1,1,2009-06-22,2009-07-23,0.2485,0.2433,-,-,-,No,No,"No activity, grass around was high, ",Jelly & Roddy,-,3700,-
1,1,2009-07-23,2009-08-21,0.0877,0.0796,-,-,-,No,No,Burning Area,Jelly & Roddy,-,-,-
1,1,2009-08-21,2009-09-22,0.5928,0.5775,-,-,-,Yes,No,Burning Area,Jelly & Roddy,-,-,-
1,1,2009-09-22,2009-10-21,0.8985,0.8358,-,-,-,Yes,No,"Security Post Activity, near the road",Jelly & Royke,-,-,-
1,1,2009-10-21,2009-11-22,1.0167,1.0055,-,-,-,No,No,Farmer Activity,JM,-,7400,-
1,1,2009-11-22,2009-12-20,0.6051,0.5983,-,-,-,No,No,"Security Post Activity, near the road",Rolke,-,5700,-
1,1,2009-12-20,2010-01-20,0.6665,0.6624,-,-,-,No,No,Security Post Activity,JM & Rolke,-,4300,-
1,1,2010-01-20,2010-02-20,0.5708,0.5665,-,-,-,No,No,Security Post Activity,Fanno & Mahmud,-,5700,-
1,1,2010-02-20,2010-03-22,0.3324,0.3301,-,-,-,No,No,"Security Post Activity, farmer activity",Onlie,-,610,-
1,1,2010-03-22,2010-04-20,0.6519,0.6436,-,-,-,Yes,No,Alang-alang area,JM & Rolke,-,5230,-
1,1,2010-04-20,2010-05-20,0.8445,0.8354,-,-,-,Yes,No,Security Post Activity,Onlie & Rolke,-,4250,-
1,1,2010-05-20,2010-06-20,0.8007,0.7882,-,-,-,Yes,No,Security Post Activity,Onlie & Nus,-,2350,-
1,1,2010-06-20,2010-07-20,0.7978,0.7946,-,-,-,Yes,No,Gardening/close the road,JM/OS,-,2800,-
1,1,2010-07-20,2010-08-20,0.7988,0.7885,-,-,-,Yes,No,Gardening/close the road,RDC/Robby.N,-,4800,-
1,1,2010-08-20,2010-09-20,0.7436,0.7328,-,-,-,Yes,No,Close the road security post,OS/MW,-,3100,-
1,1,2010-09-20,2010-10-20,0.8173,0.8075,-,-,-,Yes,No,Gardening/close the road,OS/MW,-,2170,-
1,1,2010-10-20,2010-11-23,0.8095,0.799,-,-,-,Yes,No,"Gardening/close the road, security post",RDC/AL,-,5950,-
1,1,2010-11-23,2010-12-20,0.805,0.7961,-,-,-,Yes,No,"Security Post Activity/Close the road, grass cutting 6 days before sampling",OS/AL,-,4400,-
1,1,2010-12-20,2011-01-20,0.8214,0.8093,-,-,-,Yes,No,"Security Post Activity, near the road",OS,-,3900,-
1,1,2011-01-20,2011-02-20,0.7532,0.7415,-,-,-,No,No,"Security Post Activity, Farmer activity,near the road",OS/MW,-,7200,-
1,1,2011-02-20,2011-03-20,0.796,0.7892,-,-,-,No,No,"Security Post Activity, gardening,near the road",OS/MW,-,6200,-
1,1,2011-03-20,2011-04-21,0.8117,0.8063,-,-,-,No,No,"Security Post Activity, near the road",OS,-,6015,-
1,1,2011-04-21,2011-05-21,0.8157,0.8067,-,-,-,No,No,"Security Post Activity, gardening,near the road",OS/MW,-,5800,-
1,1,2011-05-21,2011-06-21,0.8015,0.7915,-,-,-,No,No,"Security Post Activity, near the road",OS,-,5400,-
1,1,2011-06-21,2011-07-20,0.8545,0.7938,-,-,-,Yes,No,"Security Post Activity, gardening,near the road",OS,-,350,-
1,1,2011-07-20,2011-08-20,0.8115,0.7936,-,-,-,Yes,No,"Security Post Activity, farmer activity, near the road",OS/MW,-,3200,Many carcass ants
1,1,2011-08-20,2011-09-20,0.9203,0.8807,-,-,-,Yes,No,"Security Post Activity, farmer activity, Grass cutting activity, near the road.",OL,-,1200,-
1,1,2011-09-20,2011-10-21,0.7809,0.7662,-,-,-,Yes,No,"Security Post Activity, farmer activity,  near the road.",Novry/Anita,-,2750,-
1,1,2011-10-21,2011-11-21,0.8421,0.8363,-,-,-,Yes,No,"Security Post Activity, farmer activity,  near the road.",Andrias/Anita,-,3600,-
1,1,2011-11-21,2011-12-22,0.8083,0.8021,-,-,-,Yes,No,"Security post Activity, farmer  coconut",Mahmud/ Arter,-,5175,-
1,1,2011-12-22,2012-01-20,0.8518,0.8421,-,-,-,No,No,"Security post activity, gardening.",OS/OA,-,5000,-
1,1,2012-01-20,2012-02-20,0.8349,0.8305,-,-,-,No,No,Security post & farmer activity.,Onlie,-,5000,-
1,1,2012-02-20,2012-03-20,0.8389,0.8359,-,-,-,No,No,Security post & farmer activity.,Andrias.l,-,9850,-
1,1,2012-03-20,2012-04-20,0.7985,0.7915,-,-,-,No,No,"Vehicle act, Security post & farmer act",FB/NR,-,4200,-
1,1,2012-04-20,2012-05-20,0.8601,0.8131,-,-,-,Yes,No,"Vehicle act, Security post & farmer act",RH,-,6500,-
1,1,2012-05-20,2012-06-20,0.8977,0.7774,-,-,-,Yes,No,"grass cutting act,security post act,road act",AL/RH,-,3750,-
1,1,2012-06-20,2012-07-20,0.794,0.7846,-,-,-,No,No,"Pos security act, road traffic act, grass cutter, ",RH/AP,-,1850,There was a spider dead in the botle
1,1,2012-07-20,2012-08-22,0.8698,0.8243,-,-,-,Yes,No,"Grass cuting act, Road activity",AL/TL,-,550,-
1,1,2012-08-22,2012-09-20,0.8612,0.817,-,-,-,No,No,"Traffic act, grass cutter act",DA/TL,-,1200,-
1,1,2012-09-20,2012-10-20,0.8311,0.8225,-,-,-,No,No,Grass cutting,CA/AL,-,1000,-
1,1,2012-10-20,2012-11-20,0.855,0.7967,-,-,-,No,No,"Grass cutting, post security act,road",RH/SM,-,7400,-
1,1,2012-11-20,2012-12-20,0.8179,0.8011,-,-,-,No,No,"Grass cutting, post security act,road",AL/JK,-,4000,-
1,1,2012-12-20,2013-01-21,0.8247,0.8165,-,-,-,No,No,"Security post act, road traffic act",RH,-,12560,-
1,1,2013-01-21,2013-02-20,0.8349,0.8279,-,-,-,No,No,"grass cutting act,security post act, traffic act",AL/SM,-,10250,-
1,1,2013-02-20,2013-03-20,0.8447,0.8316,-,-,-,No,No,"grass cutting act,security post act, traffic act",AL/CR,-,2750,-
1,1,2013-03-20,2013-04-20,0.8306,0.829,-,-,-,No,No,"grass cutting act,security post act, traffic act, rehabilitation activity",AP/CR,-,7200,-
1,1,2013-04-20,2013-05-20,0.8042,0.8037,-,-,-,No,No,"grass cutting act,security post act, traffic act",DA/RH,-,4000,-
1,1,2013-05-20,2013-06-21,0.7591,0.7589,-,-,-,No,No,"Security post act, traffic act, Plantation area.",AP/CR,-,2050,-
1,1,2013-06-21,2013-07-20,0.7706,0.7702,-,-,-,No,No,"Security post act, traffic act, soccer field activity.",AP/CR,-,7200,-
1,1,2013-07-20,2013-08-20,0.8128,0.812,-,-,-,No,No,"Security post act, traffic act, soccer field activity.",DA/AL,-,3500,-
1,1,2013-08-20,2013-09-20,0.794,0.7886,-,-,-,No,No,"Security post act, traffic act, soccer field activity.",DA/RH,-,750,-
1,1,2013-09-20,2013-10-20,0.7995,0.7984,-,-,-,No,No,"Security post act, traffic act, soccer field activity, grass cutting act.",RH/CR,-,2800,-
1,1,2013-10-20,2013-11-21,0.798,0.7966,-,-,-,No,No,"Security post act, road traffic act",CR/RH,-,8000,-
1,1,2013-11-21,2013-12-20,0.7821,0.7818,-,-,-,No,No,"Grass cutter activity, traffic activity",AL,-,3000,-
1,1,2013-12-20,2014-01-19,0.7896,0.789,-,-,-,No,No,"Farmer act., grass cutter activity, traffic activity",AL/RT,-,800,-
1,1,2014-01-19,2014-02-20,0.7729,0.7726,-,-,-,No,No,Traffic activity,AP/RH,-,4200,-
1,1,2014-02-20,2014-03-21,0.7988,0.7985,-,-,-,No,No,"Traffic activity, Grass cutting activity",DA/CR,-,1300,-
1,1,2014-03-21,2014-04-20,0.7518,0.7513,-,-,-,No,No,Traffic Act.,AL/DA,-,3000,-
1,1,2014-04-20,2014-05-20,0.7666,0.7653,-,-,-,No,No,"Grass cutter activity, traffic activity",AL/RT,-,2750,-
1,1,2014-05-20,2014-06-21,0.7845,0.7842,-,-,-,No,No,Traffic Activity,RH,-,2500,-
1,1,2014-06-21,2014-07-22,0.7995,0.7993,-,-,-,No,No,"Grass cutter activity, traffic activity",RH/RT,-,2200,-
1,1,2014-07-22,2014-08-21,0.7819,0.7815,-,-,-,Yes,No,"Grass cutter activity, traffic activity, fires",DA/AL,-,250,Added aquades 500 ml
1,1,2014-08-21,2014-09-20,0.81,0.8011,-,-,-,No,No,"Grass cutter activity, traffic activity",RH,-,975,-
1,1,2014-09-20,2014-10-22,0.8546,0.8244,-,-,-,No,No,"Grass cutter activity, traffic activity",RH,-,350,Added aquades 1000 ml
1,1,2014-10-22,2014-11-20,0.841,0.8376,-,-,-,No,No,Traffic activity,DA/AL,-,3500,-
1,1,2014-11-20,2014-12-20,0.8287,0.8248,-,-,-,No,No,Traffic activity,AP/CR/RT,-,4000,-
1,1,2014-12-20,2015-01-20,0.8369,0.8365,-,-,-,No,No,"Grass cutter act, farmer act, traffic act",AL/BK/CR/RT,-,7000,-
1,1,2015-01-20,2015-02-20,-,-,-,-,-,No,No,Traffic activity,RH/BK,-,-,Botle send to WLN
1,1,2015-02-20,2015-03-20,0.8342,0.8337,-,-,-,No,No,"Farmer act, traffic act",AP/RT,-,1500,-
1,1,2015-03-20,2015-04-20,0.8383,0.8372,-,-,-,No,No,"Farmer act, traffic act",AP/RT,-,1800,-
1,1,2015-04-20,2015-05-18,-,-,-,-,-,No,No,"Farmer act, traffic act",RH,-,-,Botle send to WLN
1,1,2015-05-19,2015-06-21,0.8347,0.8131,-,-,-,No,No,"Farmer act, traffic act",AP/RT,-,1800,-
1,1,2015-06-21,2015-07-21,0.8246,0.8244,-,-,-,No,No,Grass Cutter act,AL/CR,-,125,Add aquades 1000 ml
1,1,2015-07-21,2015-08-19,-,-,-,-,-,No,No,Farmer Activity,AL/RT/BK,-,0,"Botle send to WLN, Add aquades 1000 ml"
1,1,2015-08-19,2015-09-20,0.7908,0.7906,-,-,-,No,No,Traffic and fire,RT/BK,-,0,Add aquades 1000 ml
1,1,2015-09-20,2015-10-20,0.8263,0.784,-,-,-,No,No,Traffic and fire,CR/RH,-,0,Add aquades 1000 ml
1,1,2015-10-20,2015-11-19,-,-,-,-,-,No,No,Traffic and fire,AP/AL,-,1350,Botle send to WLN
1,1,2015-11-19,2015-12-16,0.8209,0.8169,-,-,-,No,No,"Grass cutter, farmer activity, traffic",AL/CR,-,1800,-
1,1,2015-12-16,2016-01-18,0.8133,0.8115,-,-,-,No,No,Traffic activity,RT/BK,-,4000,-
1,1,2016-01-18,2016-02-21,0.825,0.8084,-,-,-,No,No,"Grass cutter, farmer activity, traffic",RH/RT,-,6700,-
1,1,2016-02-21,2016-03-22,-,-,-,-,-,No,No,"farmer activity, traffic",CR/RT,-,1850,Botle send to WLN
1,1,2016-03-22,2016-04-19,0.7986,0.7984,-,-,-,No,No,"farmer activity, traffic",BK/CR,-,2750,-
1,1,2016-04-19,2016-05-23,-,-,-,-,-,No,No,"farmer activity, traffic",RH/RT,-,4350,Botle send to WLN
1,1,2016-05-23,2016-06-22,0.8217,0.8213,-,-,-,No,No,"farmer activity, traffic",AP/RT,-,3700,-
1,1,2016-06-22,2016-07-21,0.8209,0.8101,-,-,-,No,No, traffic pos alpha & Maesa,BK/RH,-,4300,-
1,1,2016-07-21,2016-08-22,0.8088,0.807,-,-,-,No,No, traffic pos alpha & Maesa,AL/RT,-,3800,-
1,1,2016-08-22,2016-09-20,-,-,-,-,-,No,No, traffic pos alpha & Maesa,RT/CR/BK,-,3650,Bottle send to WLN
1,1,2016-09-20,2016-10-20,0.8073,0.8009,-,-,-,No,No, traffic pos alpha & Maesa,RT/BK,-,3500,-
1,1,2016-10-20,2016-11-22,0.8039,0.8028,-,-,-,No,No, traffic pos alpha & Maesa,RH/RT/BK,-,5400,-
1,1,2016-11-22,2016-12-20,0.8233,0.8228,-,-,-,No,No, traffic pos alpha & Maesa,RH/RT,-,2900,-
1,1,2016-12-20,2017-01-19,0.8038,0.8022,-,-,-,No,No, traffic pos alpha & Maesa,BK/CR,-,6080,-
1,1,2017-01-19,2017-02-20,0.8275,0.8264,-,-,-,No,No, traffic pos alpha & Maesa,DA/SP,-,13750,-
1,1,2017-02-20,2017-03-21,0.8121,0.8118,-,-,-,No,No, traffic pos alpha & Maesa,AP,-,4500,-
1,1,2017-03-21,2017-04-20,0.8129,0.8124,-,-,-,No,No, traffic pos alpha & Maesa,AP/BK,-,4500,-
1,1,2017-04-20,2017-05-21,0.8116,0.8079,-,-,-,No,No, traffic pos alpha & Maesa,RT/RH,-,2950,-
1,1,2017-05-21,2017-06-20,0.8129,0.8114,5.4861,5.4852,-,No,No, traffic pos alpha & Maesa,RT/RH,50,1000,-
1,1,2017-06-20,2017-07-23,0.9533,0.8174,5.4734,5.4713,-,No,No, traffic pos alpha & Maesa,AP/BK,25,2650,-
1,1,2017-07-23,2017-08-20,-,-,-,-,-,No,No, traffic pos alpha & Maesa,RH/RT,-,1030,Bottle send to WLN
1,1,2017-08-20,2017-09-21,0.9,0.8214,5.5182,5.5161,-,No,No, traffic pos alpha & Maesa,RH/RT,25,2850,-
1,1,2017-09-21,2017-10-21,-,-,-,-,-,No,No, traffic pos alpha & Maesa,RH/RT,-,-,Bottle send to WLN
1,1,2017-10-21,2017-11-21,0.8038,0.801,5.5528,5.526,-,No,No, traffic pos alpha & Maesa,RH/RT,25,2150,-
1,1,2017-11-21,2017-12-21,0.8089,0.806,5.5791,5.53,-,No,No, traffic pos alpha & Maesa,RH/RT,25,1000,-
1,1,2017-12-21,2018-01-21,0.8172,0.817,5.5162,5.4767,-,No,No, traffic pos alpha & Maesa,RH/RT,25,1000,-
1,1,2018-01-21,2018-02-21,0.8317,0.8314,5.5498,5.4762,-,No,No, traffic pos alpha & Maesa,RH/RT,25,1000,-
1,1,2018-02-21,2018-03-20,-,-,-,-,-,No,No, traffic pos alpha & Maesa,RH/RT,25,1000,-
1,1,2018-03-20,2018-04-20,0.8247,0.8244,5.4875,5.4773,-,No,No, traffic pos alpha & Maesa,RH/RT,25,1000,-
1,1,2018-04-20,2018-05-20,0.843,0.8426,5.402,5.362,-,No,No, traffic pos alpha & Maesa,RH/RT,25,1000,-
1,1,2018-05-20,2018-06-20,-,-,-,-,-,No,No, traffic pos alpha & Maesa,RH/RT,25,1000,-
1,1,2018-06-21,2018-07-24,0.8152,0.8147,5.4979,5.4977,-,No,No, traffic pos alpha & Maesa,AL/FP,25,1000,-
1,1,2018-07-24,2018-08-24,0.843,0.8426,5.402,5.362,-,No,No, traffic pos alpha & Maesa,RH/RT,25,1000,-
1,1,2018-08-25,2018-09-24,-,-,-,-,-,No,No, traffic pos alpha & Maesa,RH/RT,25,1000,-
1,1,2018-09-25,2018-10-29,0.8038,0.801,5.5528,5.526,-,No,No, traffic pos alpha & Maesa,RH/RT,25,2150,-
1,1,2018-10-30,2018-11-27,-,-,-,-,-,No,No, traffic pos alpha & Maesa,RH/RT,-,-,Botol Send to WLN
1,1,2018-11-28,2018-12-24,0.8402,0.8328,5.534,5.5337,-,No,No, traffic pos alpha & Maesa,RH/RT,25,1400,-
1,1,2018-12-25,2019-01-22,0.809,0.8087,5.5602,5.5454,-,No,No, traffic pos alpha & Maesa,RH/RT,25,1000,-
1,1,2019-01-23,2019-02-22,-,-,-,-,-,No,No, traffic pos alpha & Maesa,RH/RT,-,-,Botol Send to WLN
1,1,2019-02-23,2019-03-25,0.847,0.846,2.8041,2.8009,-,No,No, traffic pos alpha & Maesa,RH/RT,25,1000,-
1,1,2019-03-23,2019-04-25,0.8455,0.8305,2.9501,2.945,-,No,No, traffic pos alpha & Maesa,RH/RT,25,1400,-
1,1,2019-04-25,2019-05-27,-,-,-,-,-,No,No, traffic pos alpha & Maesa,RH/RT,25,1400,Botol Send to WLN
1,1,2019-05-27,2019-06-20,0.8152,0.8147,5.4979,5.4977,-,No,No, traffic pos alpha & Maesa,AL/FP,25,1000,-
1,1,2019-06-20,2019-07-20,0.809,0.8065,5.58,5.534,-,No,No, traffic pos alpha & Maesa,BK,25,1200,-
1,1,2019-08-20,2019-09-23,0.8295,0.8176,2.8125,2.806,-,No,No, traffic pos alpha & Maesa,OS/FR,25,1500,-
1,1,2019-09-23,2019-10-23,0.8566,0.8447,2.8278,2.8098,-,No,No, traffic pos alpha & Maesa,RT,25,200,-
1,1,2019-11-20,2019-12-20,0.8205,0.8155,2.8426,2.8288,-,No,No, traffic pos alpha & Maesa,RT,25,500,-
1,1,2019-12-20,2020-01-20,0.8099,0.8096,5.6591,5.657,-,No,No, traffic pos alpha & Maesa,BK/FR,25,200,-
1,1,2020-01-20,2020-02-25,-,-,-,-,-,No,No, traffic pos alpha & Maesa,RT,25,-,Botol Send to ITS
1,1,2020-02-25,2020-03-24,0.8283,0.8084,5.5199,5.4975,-,No,No, traffic pos alpha & Maesa,RT,25,500,-
1,1,2020-03-24,2020-04-22,0.8221,0.821,5.5249,5.524,-,No,No, traffic pos alpha & Maesa,RT,25,500,-
1,1,2020-04-22,2020-05-20,0.808,0.8069,5.5035,5.5015,-,No,No, traffic pos alpha & Maesa,RT,25,1000,-
1,1,2020-05-20,2020-06-23,0.8274,0.8269,5.536,5.5351,-,No,No, traffic pos alpha & Maesa,RT,25,500,-
1,1,2020-06-23,2020-07-23,-,-,-,-,-,No,No, traffic pos alpha & Maesa,RT,25,-,-
1,1,2020-07-23,2020-08-20,-,-,-,-,-,No,No, traffic pos alpha & Maesa,RT,25,-,Botol Send to WLN
1,1,2020-08-20,2020-09-20,0.7999,0.7988,5.5066,5.501,-,No,No, traffic pos alpha & Maesa,FP/JK,25,500,-
1,1,2020-09-20,2020-10-21,-,-,-,-,-,No,No, traffic pos alpha & Maesa,FP/JK,-,-,Botol Send to WLN
1,1,2020-10-21,2020-11-21,0.8149,0.8129,2.8264,2.8222,-,No,No, traffic pos alpha & Maesa,FP/JK,25,500,-
1,1,2020-11-21,2020-12-21,0.8394,0.8354,5.5192,5.5144,-,No,No, traffic pos alpha & Maesa,FP/JK,25,500,-
1,1,2020-12-21,2021-01-24,0.8394,0.8354,5.5192,5.5144,-,No,No, traffic pos alpha & Maesa,FP/JK,25,300,-
1,1,2021-01-24,2021-02-25,-,-,-,-,-,No,No, traffic pos alpha & Maesa,FP/JK,-,-,Botol Send to WLN
1,1,2021-02-25,2021-03-23,0.824,0.8234,2.8381,2.833,-,No,No, traffic pos alpha & Maesa,BK/JK,25,1400,-
1,1,2021-03-23,2021-04-22,0.8386,0.8371,5.517,5.5158,-,No,No, traffic pos alpha & Maesa,BK/FR/RT,25,100,-
1,1,2021-04-22,2021-05-25,-,-,-,-,-,No,No, traffic pos alpha & Maesa,BK/FP,-,-,Botol Send to WLN
1,1,2021-05-25,2021-06-25,0.8315,0.8224,2.8646,2.8635,-,no,no,"Toka Pit, Traffic Pos Alpha & Maesa",BK,20,100,-
1,1,2021-06-25,2021-07-25,0.8137,0.8122,2.8645,2.864,-,no,no,"Toka Pit, Traffic Pos Alpha & Maesa",BK,20,1000,-
1,1,2021-07-25,2021-08-19,-,-,-,-,-,no,no,"Toka Pit, Traffic Pos Alpha & Maesa",BK/FP,-,-,Botol Send to WLN
1,1,2021-08-19,2021-09-24,0.817,0.8129,2.8745,2.8628,-,no,no,"Toka Pit, Traffic Pos Alpha & Maesa",NB/FK,25,460,-
1,1,2021-09-24,2021-10-21,0.8573,0.8359,5.5381,5.5213,-,no,no,"Toka Pit, Traffic Pos Alpha & Maesa",BK/FR/HM,25,1200,-
1,1,2021-10-21,2021-11-23,-,-,-,-,-,no,no,"Toka Pit, Traffic Pos Alpha & Maesa",BK/JK,-,-,Botol Send to WLN
1,1,2021-11-23,2021-12-20,0.8378,0.8357,2.8536,0.8513,-,no,no,"Toka Pit, Traffic Pos Alpha & Maesa",FR/PP,25,500,-
1,1,2021-12-20,2022-01-21,-,-,-,-,-,no,no,"Toka Pit, Traffic Pos Alpha & Maesa",BK/FK,-,-,Botol Send to WLN
1,1,2022-01-21,2022-02-23,0.8298,0.8259,2.8617,2.8589,-,no,no,"Toka Pit, Traffic Pos Alpha & Maesa",BK/FP,25,700,-
1,1,2022-02-23,2022-03-27,0.8269,0.8224,2.8771,2.8764,-,no,no,"Toka Pit, Traffic Pos Alpha & Maesa",BK/JK,25,100,-
1,1,2022-03-27,2022-04-20,-,-,-,-,-,no,no,"Toka Pit, Traffic Pos Alpha & Maesa",BK/FR,-,-,Botol Send to WLN
1,1,2022-04-20,2022-05-23,0.8428,0.8377,2.8455,2.8435,-,no,no,"Toka Pit, Traffic Pos Alpha & Maesa",BK/JK,25,1230,-
1,1,2022-05-23,2022-06-22,0.8183,0.8146,5.5099,5.5084,-,no,no,"Toka Pit, Traffic Pos Alpha & Maesa",FP/HM/NB,25,1600,-
