codesample_id,standard_id,date,conductivity,total_dissolved_solids_tds,total_suspended_solids_tss,turbidity,hardness,temperature_,colour,salinity,alkalinity_as_caco3,dissolved_oxygen_do,alkalinity_total,alkalinitycarbonate,alkalinitybicarbonate,ph,chloride_cl,free_chlorine,fluoride_f,sulphate_so4,sulphite_h2s,free_cyanide_fcn,total_cyanide_cn_tot,wad_cyanide_cn_wad,ammonium_nh4,ammonia_nnh3,nitrate_no3,nitrite_no2,phosphate_po4,total_nitrogen,aluminium_al,antimony_sb,arsenic_as,barium_ba,boron_b,calcium_ca,cadmium_cd,chromium_cr,chromium_hexavalent_cr6+,cobalt_co,copper_cu,iron_fe,lead_pb,magnesium_mg,manganese_mn,mercury_hg,nickel_ni,selenium_se,silver_ag,sodium_na,zinc_zn,aluminium_tal,arsenic_tas,cadmium_tcd,chromium_hexavalent_tcr6+,chromium_tcr,cobalt_tco,copper_tcu,iron_tfe,lead_tpb,selenium_tse,mercury_thg,nickel_tni,zinc_tzn,bod,cod,oil_and_grease,phenols,surfactant_mbas,benzene_hexa_chloride_bhc,endrin,dichloro_diphenyl_trichloroethane_ddt,fecal_coliform,e_coli,total_coliform_bacteria_
6,3,2005-01-01,-,-,10,8,-,-,-,-,44,9.9,-,-,-,6.84,5,-,-,5,-,-,-,-,-,-,0.2,-,-,-,-,-,-,-,-,-,-,0.02,-,-,0.02,0.16,0.04,-,0.02,0.0003,-,-,0.01,-,-,-,-,-,-,-,-,-,-,-,-,-,-,-,-,-,-,-,-,-,-,-,-,-,-
6,3,2005-02-01,-,-,-,-,-,-,-,-,-,-,-,-,-,-,-,-,-,-,-,-,-,-,-,-,-,-,-,-,-,-,-,-,-,-,-,-,-,-,-,-,-,-,-,-,-,-,-,-,-,-,-,-,-,-,-,-,-,-,-,-,-,-,-,-,-,-,-,-,-,-,-,-,-
6,3,2005-03-01,-,-,-,-,-,-,-,-,-,-,-,-,-,-,-,-,-,-,-,-,-,-,-,-,-,-,-,-,-,-,-,-,-,-,-,-,-,-,-,-,-,-,-,-,-,-,-,-,-,-,-,-,-,-,-,-,-,-,-,-,-,-,-,-,-,-,-,-,-,-,-,-,-
6,3,2005-04-01,-,-,13.2,-,-,-,-,-,82,-,-,-,-,-,5,-,-,5,-,-,0.01,0.01,-,-,0.2,-,-,-,-,0.001,0.001,0.2,-,-,-,0.02,-,-,0.02,0.1,0.04,-,0.02,0.0003,-,-,0.01,-,0.07,-,-,-,-,-,-,-,-,-,-,-,-,-,-,-,-,-,-,-,-,-,-,-,-
6,3,2005-05-01,-,-,1,1.7,-,-,-,-,66,8.3,-,-,-,7.2,3.2,-,-,4,-,-,-,-,-,-,ND,-,-,-,-,-,-,-,-,-,-,ND,-,-,0.003,0.047,ND,-,0.004,ND,-,-,ND,-,ND,-,-,-,-,-,-,-,-,-,-,-,-,-,-,-,-,-,-,-,-,-,27,-,2420
6,3,2005-06-01,-,-,19,7,-,-,-,-,46,8.3,-,-,-,6.8,4.3,-,-,3,-,-,-,-,-,-,ND,-,-,-,-,ND,ND,-,-,-,-,ND,-,-,0.002,0.043,ND,-,0.005,ND,-,-,ND,-,0.45,-,-,-,-,-,-,-,-,-,-,-,-,-,-,-,-,-,-,-,-,-,900,-,1600
6,3,2005-07-01,155,-,ND,1.6,-,-,-,-,67,6.9,-,-,-,6.9,-,-,-,4,-,-,-,-,-,-,-,-,-,-,-,ND,ND,-,-,-,-,-,-,-,ND,0.107,ND,-,0.005,ND,-,-,ND,-,-,-,-,-,-,-,-,-,-,-,-,-,-,-,-,-,-,-,-,-,-,-,130,-,2420
6,3,2005-08-01,167,-,2,1.3,-,-,-,-,69,8.4,-,-,-,8.1,-,-,-,4,-,-,-,-,-,-,-,-,-,-,-,ND,ND,-,-,-,-,-,-,-,0.001,0.042,ND,-,0.004,ND,-,-,ND,-,-,-,-,-,-,-,-,-,-,-,-,-,-,-,-,-,-,-,-,-,-,-,303,-,6000
6,3,2005-09-01,189,-,ND,2,-,-,-,-,122,8.3,-,-,-,8.3,-,-,-,5,-,-,ND,ND,-,-,-,-,-,-,-,ND,ND,-,-,-,-,-,-,-,ND,0.037,ND,-,0.005,ND,-,-,ND,-,-,-,-,-,-,-,-,-,-,-,-,-,-,-,-,-,-,-,-,-,-,-,1028,-,6000
6,3,2005-10-01,144,-,5,9.7,-,-,-,-,62,9.3,-,-,-,7.2,-,-,-,6,-,-,ND,ND,-,-,-,-,-,-,-,ND,ND,-,-,-,-,-,-,-,0.003,0.034,ND,-,ND,ND,-,-,ND,-,-,-,-,-,-,-,-,-,-,-,-,-,-,-,-,-,-,-,-,-,-,-,680,-,6000
6,3,2005-11-01,158,-,8,13.1,-,-,-,-,55,9.6,-,-,-,7.4,-,-,-,3,-,-,ND,ND,-,-,-,-,-,-,-,ND,ND,-,-,-,-,-,-,-,ND,0.105,ND,-,0.006,ND,-,-,ND,-,-,-,-,-,-,-,-,-,-,-,-,-,-,-,-,-,-,-,-,-,-,-,148,-,6000
6,3,2005-12-01,146,-,ND,4.8,-,-,-,-,61,9,-,-,-,7.9,-,-,-,4,-,-,ND,ND,-,-,-,-,-,-,-,ND,ND,-,-,-,-,-,-,-,0.001,0.258,ND,-,0.007,ND,-,-,ND,-,-,-,-,-,-,-,-,-,-,-,-,-,-,-,-,-,-,-,-,-,-,-,578,-,6000
6,3,2006-01-01,123.6,61.3,4,1.8,-,27,-,0,20,8.1,-,-,-,7.2,-,-,-,4,-,-,0.005,0.005,-,-,-,-,-,-,-,0.0005,0.0005,-,-,-,-,-,-,-,0.001,0.054,0.001,-,0.016,0.00005,-,-,0.0002,-,-,-,-,-,-,-,-,-,-,-,-,-,-,-,-,-,-,-,-,-,-,-,200,-,3400
6,3,2006-02-01,107.8,51,9,14.4,-,26.1,-,0,45,-,-,-,-,7,-,-,-,3,-,-,0.005,0.005,-,-,-,-,-,-,-,0.0005,0.0005,-,-,-,-,-,-,-,0.001,0.235,0.001,-,0.016,0.00005,-,-,0.0002,-,0.005,-,-,-,-,-,-,-,-,-,-,-,-,-,-,-,-,-,-,-,-,-,200,-,2000
6,3,2006-03-01,122,-,4,5.8,-,25.3,-,0,47,-,-,-,-,7.1,-,-,-,4,-,-,0.005,0.005,-,-,-,-,-,-,-,0.0005,0.0005,-,-,-,-,-,-,-,0.001,0.471,0.001,-,0.006,0.00005,-,-,0.0002,-,-,-,-,-,-,-,-,-,-,-,-,-,-,-,-,-,-,-,-,-,-,-,800,-,4000
6,3,2006-04-01,134.4,64,ND,1,-,26.5,-,0,58,-,-,-,-,7.3,-,-,-,4,-,-,0.005,0.005,-,-,-,-,-,-,-,0.0005,0.0005,-,-,-,-,-,-,-,0.001,ND,0.001,-,0.003,0.00005,-,-,0.0002,-,0.005,-,-,-,-,-,-,-,-,-,-,-,-,-,-,-,-,-,-,-,-,-,0,-,9700
6,3,2006-05-01,143.9,68.6,ND,2,-,26.6,-,0,69,-,-,-,-,7,-,-,-,3,-,-,0.005,0.005,-,-,-,-,-,-,-,0.0005,0.0005,-,-,-,-,-,-,-,0.001,0.138,0.001,-,0.007,0.00005,-,-,0.0002,-,0.008,-,-,-,-,-,-,-,-,-,-,-,-,-,-,-,-,-,-,-,-,-,8,-,1700
6,3,2006-06-01,122.7,58.3,3,4.9,-,28.1,-,0,57,-,-,-,-,6.8,-,-,-,5,-,-,0.005,0.005,-,-,-,-,-,-,-,0.0005,0.0005,-,-,-,-,-,-,-,0.001,0.104,0.001,-,0.008,0.00008,-,-,0.0002,-,0.022,-,-,-,-,-,-,-,-,-,-,-,-,-,-,-,-,-,-,-,-,-,0,-,900
6,3,2006-07-01,152,68.6,1,2.2,-,25.1,-,0,66,-,-,-,-,7.3,-,-,-,4,-,-,0.005,0.005,-,-,-,-,-,-,-,0.0005,0.0005,-,-,-,-,-,-,-,0.002,0.031,0.001,-,0.024,0.00005,-,-,0.0002,-,0.005,-,-,-,-,-,-,-,-,-,-,-,-,-,-,-,-,-,-,-,-,-,980,-,2420
6,3,2006-08-01,168.1,80.1,1,0.9,-,27.9,-,0,79,-,-,-,-,7.3,-,-,-,6,-,-,0.005,0.005,-,-,-,-,-,-,-,0.0005,0.0005,-,-,-,-,-,-,-,0.001,0.058,0.001,-,0.003,0.00005,-,-,0.0002,-,0.005,-,-,-,-,-,-,-,-,-,-,-,-,-,-,-,-,-,-,-,-,-,400,-,4700
6,3,2006-09-01,198,90.4,1,0.9,-,18.9,-,0.1,93,-,-,-,-,7.2,-,-,-,4,-,-,0.005,0.005,-,-,-,-,-,-,-,0.0005,0.0005,-,-,-,-,-,-,-,0.001,0.054,0.001,-,0.01,0.00005,-,-,0.0002,-,0.005,-,-,-,-,-,-,-,-,-,-,-,-,-,-,-,-,-,-,-,-,-,800,-,4500
6,3,2006-10-01,185,93.1,1,1.3,-,30.2,-,0,95,-,-,-,-,7.4,-,-,-,5,-,-,0.005,0.005,-,-,-,-,-,-,-,0.0005,0.0005,-,-,-,-,-,-,-,0.001,0.033,0.001,-,0.006,0.00005,-,-,0.0002,-,0.005,-,-,-,-,-,-,-,-,-,-,-,-,-,-,-,-,-,-,-,-,-,600,-,4100
6,3,2006-11-01,167.1,79.5,4,1.2,-,25.7,-,0,71,-,-,-,-,7.4,-,-,-,7,-,-,0.005,0.005,-,-,-,-,-,-,-,0.0005,0.0005,-,-,-,-,-,-,-,0.002,ND,0.001,-,0.004,0.00005,-,-,0.0002,-,0.02,-,-,-,-,-,-,-,-,-,-,-,-,-,-,-,-,-,-,-,-,-,400,-,1300
6,3,2006-12-01,116.9,84.5,4,0.8,-,29.8,-,0,84,-,-,-,-,8.2,-,-,-,7,-,-,0.005,0.005,-,-,-,-,-,-,-,0.0005,0.0005,-,-,-,-,-,-,-,0.001,0.067,0.001,-,0.004,0.00005,-,-,0.0002,-,0.005,-,-,-,-,-,-,-,-,-,-,-,-,-,-,-,-,-,-,-,-,-,900,-,3400
6,3,2007-01-01,88.5,41.8,7,26.7,-,26.6,-,0,36,-,-,-,-,6.3,-,-,-,4,-,-,0.005,0.005,-,-,-,-,-,-,-,0.0005,0.0005,-,-,-,-,-,-,-,0.001,0.497,0.001,-,0.013,0.00005,-,-,0.0002,-,0.005,-,-,-,-,-,-,-,-,-,-,-,-,-,-,-,-,-,-,-,-,-,2600,-,4000
6,3,2007-02-01,137.2,65.3,1,3.1,-,27.2,-,0,60,-,-,-,-,6.8,-,-,-,6,-,-,0.005,0.005,-,-,-,-,-,-,-,0.0005,0.0005,-,-,-,-,-,-,-,0.001,0.101,0.001,-,0.008,0.00005,-,-,0.0002,-,0.005,-,-,-,-,-,-,-,-,-,-,-,-,-,-,-,-,-,-,-,-,-,0,-,70
6,3,2007-03-01,132.5,63.1,2,10.8,-,25.7,-,0,63,-,-,-,-,6.9,-,-,-,5,-,-,0.005,0.005,-,-,-,-,-,-,-,0.001,0.001,-,-,-,-,-,-,-,0.001,0.098,0.001,-,0.01,0.00005,-,-,0.0002,-,0.01,-,-,-,-,-,-,-,-,-,-,-,-,-,-,-,-,-,-,-,-,-,14,-,9200
6,3,2007-04-01,113.4,55.9,1,21,-,25.7,-,0,93,-,-,-,-,7.7,-,-,-,4,-,-,0.005,0.005,-,-,-,-,-,-,-,0.0005,0.0005,-,-,-,-,-,-,-,0.001,0.132,0.001,-,0.011,0.00011,-,-,0.0002,-,0.02,-,-,-,-,-,-,-,-,-,-,-,-,-,-,-,-,-,-,-,-,-,1600,-,16000
6,3,2007-05-01,108.3,53.3,7,9.8,-,25.8,-,0,69,7.9,-,-,-,7.7,-,-,-,4,-,-,0.005,0.005,-,-,-,-,-,-,-,0.001,0.001,-,-,-,-,-,-,-,0.001,0.22,0.001,-,0.02,0.00005,-,-,0.0002,-,-,-,-,-,-,-,-,-,-,-,-,-,-,-,-,-,-,-,-,-,-,-,1600,-,1600
6,3,2007-06-01,139.8,66.6,7,3.1,-,25.7,-,0,58,-,-,-,-,7.9,-,-,-,5,-,-,0.005,0.005,-,-,-,-,-,-,-,0.001,0.001,-,-,-,-,-,-,-,0.001,0.04,0.001,-,0.006,0.00005,-,-,0.0002,-,0.026,-,-,-,-,-,-,-,-,-,-,-,-,-,-,-,-,-,-,-,-,-,48,-,48
6,3,2007-07-01,139.5,66.5,ND,1.3,-,27.8,-,0,56,-,-,-,-,6.7,-,-,-,4,-,-,0.005,0.005,-,-,-,-,-,-,-,0.001,0.001,-,-,-,-,-,-,-,0.002,0.181,0.001,-,0.013,0.0002,-,-,0.0001,-,0.004,-,-,-,-,-,-,-,-,-,-,-,-,-,-,-,-,-,-,-,-,-,700,-,16000
6,3,2007-08-01,116.9,55.6,10,18.9,-,25.6,-,0,47,-,-,-,-,7,-,-,-,9,-,-,0.005,0.005,-,-,-,-,-,-,-,0.001,0.001,-,-,-,-,-,-,-,0.004,0.377,0.001,-,0.026,0.00005,-,-,0.0001,-,0.01,-,-,-,-,-,-,-,-,-,-,-,-,-,-,-,-,-,-,-,-,-,3100,-,2700
6,3,2007-09-01,168.4,80.1,ND,0.6,-,27,-,0,73,-,-,-,-,7.3,-,-,-,5,-,-,0.005,0.005,-,-,-,-,-,-,-,0.001,0.001,-,-,-,-,-,-,-,0.002,0.127,0.001,-,0.021,0.00005,-,-,0.0001,-,0.007,-,-,-,-,-,-,-,-,-,-,-,-,-,-,-,-,-,-,-,-,-,400,-,800
6,3,2007-10-01,183.4,87.7,ND,0.5,-,27,-,0,69,-,-,-,-,7.9,-,-,-,5,-,-,0.005,0.005,-,-,-,-,-,-,-,0.001,0.001,-,-,-,-,-,-,-,0.004,0.041,0.001,-,0.008,0.00005,-,-,0.0001,-,0.007,-,-,-,-,-,-,-,-,-,-,-,-,-,-,-,-,-,-,-,-,-,0,-,9300
6,3,2007-11-01,133.9,63.8,4,7.7,-,27,-,0,65,-,-,-,-,7,-,-,-,6,-,-,0.005,0.005,-,-,-,-,-,-,-,0.001,0.001,-,-,-,-,-,-,-,0.001,0.107,0.001,-,0.011,0.00005,-,-,0.0001,-,0.005,-,-,-,-,-,-,-,-,-,-,-,-,-,-,-,-,-,-,-,-,-,1100,-,7900
6,3,2007-12-01,131.5,62.6,3,6.1,-,26.9,-,0,57,-,-,-,-,6.6,-,-,-,4,-,-,0.005,0.005,-,-,-,-,-,-,-,0.001,0.001,-,-,-,-,-,-,-,0.001,0.134,0.003,-,0.012,0.00005,-,-,0.0001,-,0.006,-,-,-,-,-,-,-,-,-,-,-,-,-,-,-,-,-,-,-,-,-,400,-,4000
6,3,2008-01-01,136.8,65.2,1,2.1,-,27.6,-,0,62,-,-,-,-,6.6,-,-,-,8,-,-,0.005,0.005,-,-,-,-,-,-,-,0.001,0.001,-,-,-,-,-,-,-,0.001,0.039,0.001,-,0.001,0.00005,-,-,0.0001,-,0.005,-,-,-,-,-,-,-,-,-,-,-,-,-,-,-,-,-,-,-,-,-,600,-,7100
6,3,2008-02-01,-,-,-,-,-,-,-,-,-,-,-,-,-,NS,-,-,-,NS,-,-,NS,NS,-,-,-,-,-,-,-,NS,NS,-,-,-,-,-,-,-,NS,NS,NS,-,NS,NS,-,-,NS,-,NS,-,-,-,-,-,-,-,-,-,-,-,-,-,-,-,-,-,-,-,-,-,NS,-,NS
6,3,2008-03-01,132.4,61.5,1,3.2,-,26.2,-,0,60,-,-,-,-,7,-,-,-,6,-,-,0.005,0.005,-,-,-,-,-,-,-,0.001,0.001,-,-,-,-,-,-,-,0.001,0.096,0.001,-,0.016,0.00005,-,-,0.0001,-,0.005,-,-,-,-,-,-,-,-,-,-,-,-,-,-,-,-,-,-,-,-,-,800,-,7500
6,3,2008-04-01,130.9,60.9,1,3.4,-,26.1,-,0,60,-,-,-,-,6.6,-,-,-,5,-,-,0.005,0.005,-,-,-,-,-,-,-,0.001,0.001,-,-,-,-,-,-,-,0.001,0.087,0.001,-,0.01,0.00005,-,-,0.0001,-,0.005,-,-,-,-,-,-,-,-,-,-,-,-,-,-,-,-,-,-,-,-,-,1400,-,11400
6,3,2008-05-01,97.5,44.8,13,26.6,-,27,-,0,43,-,-,-,-,7,-,-,-,9,-,-,0.005,0.005,-,-,-,-,-,-,-,0.001,0.001,-,-,-,-,-,-,-,0.002,0.113,0.002,-,0.018,0.00005,-,-,0.0001,-,0.005,-,-,-,-,-,-,-,-,-,-,-,-,-,-,-,-,-,-,-,-,-,14300,-,37900
6,3,2008-06-01,130.3,63.2,5,14.5,-,25.5,-,0,56,-,-,-,-,7.4,-,-,-,8,-,-,0.005,0.005,-,-,-,-,-,-,-,0.001,0.001,-,-,-,-,-,-,-,0.001,0.171,0.001,-,0.034,0.00005,-,-,0.0001,-,0.005,-,-,-,-,-,-,-,-,-,-,-,-,-,-,-,-,-,-,-,-,-,2800,-,29600
6,3,2008-07-01,156.1,71.9,1,4.5,-,26.7,-,0,53,-,-,-,-,6.7,-,-,-,7,-,-,0.005,0.005,-,-,-,-,-,-,-,0.001,0.001,-,-,-,-,-,-,-,0.001,0.085,0.001,-,0.03,0.00005,-,-,0.0001,-,0.005,-,-,-,-,-,-,-,-,-,-,-,-,-,-,-,-,-,-,-,-,-,400,-,8100
6,3,2008-08-01,128.3,59.5,1,5.2,-,26.3,-,0,57,-,-,-,-,7.1,-,-,-,4,-,-,0.005,0.005,-,-,-,-,-,-,-,0.001,0.001,-,-,-,-,-,-,-,0.013,0.065,0.001,-,0.007,0.00005,-,-,0.0001,-,0.005,-,-,-,-,-,-,-,-,-,-,-,-,-,-,-,-,-,-,-,-,-,900,-,21900
6,3,2008-09-01,167,79.7,1,0.8,-,25.3,-,0,58,6,-,-,-,7.5,0.9,-,0.07,4,0.02,-,0.01,0.01,0.02,-,0.01,0,0.031,-,0.1,0,0,-,-,-,0,0,-,0,0.002,0.059,0,-,0.008,0.00005,0,0,0,-,0.01,-,-,-,-,-,-,-,-,-,-,-,-,-,5,10,5,0.002,0.02,-,-,-,1100,-,3300
6,3,2008-10-01,146.4,69.3,2,5.4,-,25.4,-,0,76,-,-,-,-,7.2,-,-,-,4,-,-,0.01,0.01,-,-,-,-,-,-,-,0,0,-,-,-,-,-,-,-,0.021,0.088,0,-,0.01,0.00005,-,-,0,-,0.008,-,-,-,-,-,-,-,-,-,-,-,-,-,-,-,-,-,-,-,-,-,0,-,3300
6,3,2008-11-01,166.7,73.3,1,2.4,-,29.1,-,0,76,-,-,-,-,7.6,-,-,-,5,-,-,0.01,0.01,-,-,-,-,-,-,-,0,0,-,-,-,-,-,-,-,0.006,0.081,0,-,0.007,0.00005,-,-,0,-,0.01,-,-,-,-,-,-,-,-,-,-,-,-,-,-,-,-,-,-,-,-,-,7300,-,10200
6,3,2008-12-01,127.4,59.1,3,6.6,-,26.2,-,0,60,6,-,-,-,6.4,2.5,-,0.06,5,0.02,-,0.01,0.01,0.02,-,0.07,0.002,0.008,-,0.1,0,0,-,-,-,0,0,-,0,0.008,0.071,0,-,0.008,0.00005,0,0,0,-,0.01,-,-,-,-,-,-,-,-,-,-,-,-,-,5,10,5,0.002,0.01,-,-,-,600,-,18100
6,3,2009-01-01,138.3,63,1,2.6,-,27.2,-,0,70,-,-,-,-,7.5,-,-,-,5,-,-,0.01,0.01,-,-,-,-,-,-,-,0,0,-,-,-,-,-,-,-,0.019,0.114,0.003,-,0.011,0.00005,-,-,0,-,0.005,-,-,-,-,-,-,-,-,-,-,-,-,-,-,-,-,-,-,-,-,-,400,-,17100
6,3,2009-02-01,132.5,64.5,1,2.8,-,25.9,-,0,43,-,-,-,-,7.3,-,-,-,4,-,-,0.01,0.01,-,-,-,-,-,-,-,0,0,-,-,-,-,-,-,-,0.288,0.081,0,-,0.01,0.00005,-,-,0,-,0.018,-,-,-,-,-,-,-,-,-,-,-,-,-,-,-,-,-,-,-,-,-,600,-,25600
6,3,2009-03-01,-,-,-,-,-,-,-,-,-,-,-,-,-,-,-,-,-,-,-,-,-,-,-,-,-,-,-,-,-,-,-,-,-,-,-,-,-,-,-,-,-,-,-,-,-,-,-,-,-,-,-,-,-,-,-,-,-,-,-,-,-,-,-,-,-,-,-,-,-,-,-,-,-
6,3,2009-04-01,-,-,-,-,-,-,-,-,-,-,-,-,-,-,-,-,-,-,-,-,-,-,-,-,-,-,-,-,-,-,-,-,-,-,-,-,-,-,-,-,-,-,-,-,-,-,-,-,-,-,-,-,-,-,-,-,-,-,-,-,-,-,-,-,-,-,-,-,-,-,-,-,-
6,3,2009-05-01,138,67.3,1,1,-,29.1,-,0,68,-,-,-,-,7.8,1.9,-,0.06,5,0.002,-,0.01,0.01,0.02,-,0.005,0,0.06,-,0.1,-,0,-,-,-,0.02,0.01,-,0.02,0.001,0.088,0.001,-,0.009,0.00005,0.03,0.0005,0,-,0.005,-,-,-,-,-,-,-,-,-,-,-,-,-,-,-,5,0.012,0.07,-,-,-,200,-,4000
6,3,2009-06-01,-,-,-,-,-,-,-,-,-,-,-,-,-,-,-,-,-,-,-,-,-,-,-,-,-,-,-,-,-,-,-,-,-,-,-,-,-,-,-,-,-,-,-,-,-,-,-,-,-,-,-,-,-,-,-,-,-,-,-,-,-,-,-,-,-,-,-,-,-,-,-,-,-
6,3,2009-07-01,-,-,-,-,-,-,-,-,-,-,-,-,-,-,-,-,-,-,-,-,-,-,-,-,-,-,-,-,-,-,-,-,-,-,-,-,-,-,-,-,-,-,-,-,-,-,-,-,-,-,-,-,-,-,-,-,-,-,-,-,-,-,-,-,-,-,-,-,-,-,-,-,-
6,3,2009-08-01,144,76,1,0.5,-,28.1,-,0,-,-,-,-,-,8.27,2.2,-,0.06,4,0.02,0.005,0.005,0.005,0.02,-,0.01,0.001,0.083,-,0.014,-,0.0005,-,-,-,0.0001,0.01,-,0.001,0.005,0.03,0.001,-,0.005,0.00002,-,0.0005,0.0001,-,0.005,-,-,-,-,-,-,-,-,-,-,-,-,-,5,10,5,0.049,0.01,-,-,-,-,488,2420
6,3,2009-09-01,190,100,1,1,-,31,-,0,-,-,-,-,-,8.39,2.1,-,0.07,6,0.02,0.005,0.005,-,0.02,-,0.016,0.001,0.104,-,0.1,-,0.0005,-,-,-,0.0001,0.01,-,0.001,0.005,0.02,0.001,-,0.005,0.00002,-,0.0005,0.0001,-,0.005,-,-,-,-,-,-,-,-,-,-,-,-,-,5,10,5,0.001,0.02,-,-,-,-,575,2420
6,3,2009-10-01,191,101,1,0.8,-,27.7,-,0,-,-,-,-,-,8.27,2.4,-,0.08,6,0.02,0.005,0.005,-,0.02,-,0.157,0.001,0.096,-,-,-,0.0005,-,-,-,-,-,-,-,0.005,0.03,0.001,-,0.006,0,-,-,0,-,0.005,-,-,-,-,-,-,-,-,-,-,-,-,-,5,10,5,0.001,0.01,-,-,-,-,86,2420
6,3,2009-11-01,175,89,1,1.2,-,31.2,-,0,-,-,-,-,-,8.24,3.3,-,0.07,8,0.02,0.005,0.005,-,0.02,-,0.04,0.001,0.08,-,-,-,0.0005,-,-,-,-,-,-,-,0.005,0.05,0,-,0.007,0.00008,-,-,0,-,0.005,-,-,-,-,-,-,-,-,-,-,-,-,-,5,11,5,0.035,0.01,-,-,-,-,174,4840
6,3,2009-12-01,120,61,1,3.3,-,27.2,-,0,-,-,-,-,-,7.98,2.3,-,0.07,5,0.02,0.005,0.005,-,0.02,-,0.036,0.001,0.061,-,-,-,0.001,-,-,-,-,-,-,-,0.005,0.05,0,-,0.005,0,-,-,0.001,-,0.01,-,-,-,-,-,-,-,-,-,-,-,-,-,5,10,5,0.001,0.01,-,-,-,-,124,4840
6,3,2010-01-04,137,96,1,1,-,27.3,-,0,-,-,-,-,-,8.13,2.6,-,0.07,6,0.02,0.005,0.005,-,0.43,-,0.067,0.001,0.06,-,-,-,0.0005,-,-,-,-,-,-,-,0.005,0.03,0.001,-,0.005,0.00003,-,-,0.0001,-,0.005,-,-,-,-,-,-,-,-,-,-,-,-,-,5,10,5,0.001,0.01,-,-,-,-,570,4840
6,3,2010-02-02,105,74,5,12.1,-,28.1,-,0,-,-,-,-,-,7.74,2.4,-,0.07,4,0.02,0.005,0.005,-,0.04,-,0.158,0.003,0.061,-,-,-,0.0009,-,-,-,-,-,-,-,0.005,0.09,0.001,-,0.013,0.00013,-,-,0.0001,-,0.005,-,-,-,-,-,-,-,-,-,-,-,-,-,5,10,5,0.001,0.02,-,-,-,-,1100,4840
6,3,2010-03-01,140,98,1,1.2,-,26.7,-,0,-,-,-,-,-,8,1.9,-,0.05,6,0.02,0.005,0.005,-,0.02,-,0.063,0.001,0.074,-,-,-,0.0005,-,-,-,-,-,-,-,0.005,0.04,0.001,-,0.005,0.00002,-,-,0.0001,-,0.005,-,-,-,-,-,-,-,-,-,-,-,-,-,5,10,5,0.001,0.01,-,-,-,-,2090,4840
6,3,2010-04-05,113,79,28,53.3,-,28,-,0,-,-,-,-,-,7.64,2.5,-,0.07,10,0.02,0.005,0.005,0.005,0.02,-,0.632,0.003,0.069,-,-,-,0.0005,-,-,-,0.0001,-,-,-,0.005,0.13,0.001,-,0.006,0,-,-,0.0001,-,0.022,-,-,-,-,-,-,-,-,-,-,-,-,-,5,10,5,0.001,0.01,-,-,-,-,640,2020
6,3,2010-05-03,124,87,1,2.5,-,28,-,0,-,-,-,-,-,7.76,1.8,-,0.05,5,0.02,0.005,0.005,0.005,0.02,-,0.089,0.001,0.08,-,-,-,0.0019,-,-,-,0.0001,-,-,-,0.005,0.06,0.001,-,0.005,0.00002,-,-,0.0001,-,0.005,-,-,-,-,-,-,-,-,-,-,-,-,-,5,10,5,0.001,0.01,-,-,-,-,2820,4840
6,3,2010-06-01,138,96,1,2.4,-,27.7,-,0,-,-,-,-,-,8.22,2,-,0.09,4,0.02,0.005,0.005,0.005,0.02,-,0.081,0.001,0.081,-,-,-,0.0005,-,-,-,0.0001,-,-,-,0.005,0.04,0.001,-,0.005,0.00002,0.001,-,0.0001,-,0.005,-,-,-,-,-,-,-,-,-,-,-,-,-,5,10,5,0.001,0.01,-,-,-,-,660,4840
6,3,2010-07-05,93,65,459,355,-,24.9,-,0,-,-,-,-,-,7.61,1.3,-,0.06,3,0.02,0.005,0.005,0.005,0.02,-,0.297,0.001,0.088,-,-,-,0.0005,-,-,-,0.0001,-,-,-,0.005,0.33,0.001,-,0.005,0.00002,0.001,-,0.0001,-,0.005,-,-,-,-,-,-,-,-,-,-,-,-,-,5,10,5,0.001,0.01,-,-,-,-,4840,4840
6,3,2010-08-02,133,93,1,4.1,-,25.4,-,0.1,-,-,-,-,-,7.79,1.4,-,0.06,5,0.02,0.005,0.005,0.005,0.02,-,0.086,0.001,0.081,-,-,-,0.0005,-,-,-,0.0001,-,-,-,0.005,0.07,0.001,-,0.005,0.00002,0.001,-,0.0001,-,0.005,-,-,-,-,-,-,-,-,-,-,-,-,-,5,10,5,0.001,0.01,-,-,-,-,260,4840
6,3,2010-09-06,128,89,4,4.9,-,27.6,-,0,-,-,-,-,-,7.85,1.9,-,0.07,6,0.02,0.005,0.005,0.005,0.02,-,0.086,0.002,0.049,-,-,-,0.001,-,-,-,0.0001,-,-,-,0.005,0.04,0.001,-,0.005,0.00002,0.001,-,0.001,-,0.01,-,-,-,-,-,-,-,-,-,-,-,-,-,2,10,5,0.001,0.01,-,-,-,-,820,4840
6,3,2010-10-04,139,98,1,2.8,-,29,-,0,-,-,-,-,-,7.91,2.3,-,0.06,5,0.02,0.005,0.005,0.005,0.02,-,0.043,0.001,0.042,-,-,-,0.001,-,-,-,0.0001,-,-,-,0.005,0.05,0.001,-,0.001,0,0.001,-,0.001,-,0.01,-,-,-,-,-,-,-,-,-,-,-,-,-,2,10,5,0.001,0.01,-,-,-,-,320,4840
6,3,2010-11-01,116,81,16,15.2,-,24.4,-,0,-,0.26,-,-,-,7.84,1.1,-,0.07,5,0.02,0.005,0.005,0.005,0.02,-,0.131,0.002,0.079,-,-,-,0.001,-,-,-,0.0001,-,-,-,0.005,0.05,0,-,0,0,0.001,-,0,-,0.01,-,-,-,-,-,-,-,-,-,-,-,-,-,2,10,5,0.001,0.01,-,-,-,-,4840,4840
6,3,2010-12-01,130,91,2,4.6,-,23.5,-,0,-,4.9,-,-,-,7.75,1.1,-,0.06,4,0.02,0.005,0.005,0.005,0.02,-,0.088,0.001,0.039,-,-,-,0.0005,-,-,-,0.0001,-,-,-,0.005,0.09,0,-,0.005,0,0.001,-,0,-,0.005,-,-,-,-,-,-,-,-,-,-,-,-,-,2,10,5,0.001,0.01,-,-,-,-,2240,4840
6,3,2011-01-03,136,95,1,4.3,-,23.5,-,0,-,5.75,-,-,-,7.85,1.3,-,0.06,5,0.02,0.005,0.005,0.005,0.02,-,0.094,0.001,0.053,-,-,-,0.001,-,-,-,0.0001,-,-,-,0.005,0.02,0.001,-,0.005,0.00002,0.001,-,0.001,-,0.01,-,-,-,-,-,-,-,-,-,-,-,-,-,2,10,5,0.001,0.02,-,-,-,-,1740,4840
6,3,2011-02-01,106,74,1,NA,-,26.8,-,0,-,6.36,-,-,-,7.55,1,-,0.06,5,0.02,0.005,0.005,0.005,0.03,-,0.324,0.003,0.035,-,0.66,-,0.0005,-,-,-,0.0001,0.001,0.01,0.001,0.005,0.24,0.001,-,0.005,0.00002,0.001,-,0.0001,-,0.005,-,-,-,-,-,-,-,-,-,-,-,-,-,2,10,5,0.001,0.03,-,-,-,-,3460,4840
6,3,2011-03-01,129,90,1,NA,-,29.1,-,0,-,5.7,-,-,-,7.82,1.5,-,0.06,4,0.02,0.005,0.005,0.005,0.02,-,0.149,0.002,0.041,-,0.039,-,0.0005,-,-,-,0.0001,0.001,-,0.001,0.005,0.02,0.001,-,0.005,0.00002,0.001,-,0.0001,-,0.01,-,-,-,-,-,-,-,-,-,-,-,-,-,2,10,5,0.001,0.01,-,-,-,-,560,4840
6,3,2011-04-04,130,91,1,NA,-,29.1,-,0,-,5.53,-,-,-,7.88,1.6,-,0.06,4,0.02,0.005,0.005,0.005,0.02,-,0.11,0.001,0.044,-,0.022,-,0.001,-,-,-,0.0001,NA,0.01,0.001,0.005,0.03,0.001,-,0.005,0.00002,0.001,-,0.001,-,0.01,-,-,-,-,-,-,-,-,-,-,-,-,-,2,10,5,0.001,0.01,-,-,-,-,1840,4840
6,3,2011-05-01,122,88,4,NA,-,29.9,-,0,-,6.09,-,-,-,7.76,1.7,-,0.05,4,0.02,0.005,0.005,0.005,0.02,-,0.147,0.001,0.056,-,0.151,-,0.0005,-,-,-,0.0001,-,-,0.001,0.005,0.03,0.001,-,0.005,0.00002,0.001,-,0.0001,-,0.005,-,-,-,-,-,-,-,-,-,-,-,-,-,2,10,5,0.001,0.01,-,-,-,-,280,4840
6,3,2011-06-01,115,81,10,NA,-,29.1,-,0,-,5.23,-,-,-,7.61,1.4,-,0.07,5,0.02,0.005,0.005,0.005,0.02,-,0.106,0.002,0.034,-,0.319,-,0.0005,-,-,-,0.0001,0.001,0.01,0.001,0.005,0.1,0.001,-,0.005,0.00002,0.001,-,0.001,-,0.032,-,-,-,-,-,-,-,-,-,-,-,-,-,2,10,5,0.001,0.01,-,-,-,-,1160,4840
6,3,2011-07-04,161,113,2,NA,-,29.7,-,0,-,5.49,-,-,-,8.2,2,-,0.08,5,0.02,0.005,0.005,0.005,0.02,-,0.039,0.001,0.038,-,0.012,-,0.0005,-,-,-,0.0001,0.001,0.01,0.001,0.005,0.02,0.001,-,0.005,0.00002,0.001,-,0.0001,-,0.005,-,-,-,-,-,-,-,-,-,-,-,-,-,2,10,5,0.001,0.01,-,-,-,-,178,4840
6,3,2011-08-02,179,129,1,NA,-,31.1,-,0,-,5.63,-,-,-,8.34,2.5,-,0.08,5,0.02,0.005,0.005,0.005,0.02,-,0.041,0.001,0.087,-,0.01,-,0.0005,-,-,-,0.0001,-,0.01,0.001,0.005,0.02,0.001,-,0.005,0.00002,0.001,-,0.0001,-,0.005,-,-,-,-,-,-,-,-,-,-,-,-,-,2,10,5,0.001,0.01,-,-,-,-,126,4840
6,3,2011-09-03,196,137,1,NA,-,22.5,-,0,-,5.3,-,-,-,8.31,1.6,-,0.08,4,0.02,0.005,0.005,0.005,0.02,-,0.005,0.001,0.049,-,0.037,-,0.001,-,-,-,0.0001,-,0.01,0.001,0.005,0.05,0.001,-,0.005,0,0.001,-,0.0001,-,0.005,-,-,-,-,-,-,-,-,-,-,-,-,-,2,10,5,0.001,0.01,-,-,-,-,86,4840
6,3,2011-10-04,137,96,1,NA,-,26.5,-,0,-,7.9,-,-,-,8.22,1.6,-,0.1,7,0.02,0.005,0.005,0.005,0.02,-,0.072,0.002,0.066,-,0.162,-,0.001,-,-,-,0.0001,-,0.01,0.001,0.005,0.09,0.001,-,0.005,0,0.001,-,0.0001,-,0.005,-,-,-,-,-,-,-,-,-,-,-,-,-,2,10,5,0.001,0.01,-,-,-,-,580,4840
6,3,2011-11-01,135,94,1,NA,-,28.8,-,-,-,6.03,-,-,-,8.55,4.8,-,0.06,4,0.02,0.005,0.005,0.005,0.02,-,0.005,0.001,0.075,-,0.055,-,0.001,-,-,-,0.0001,-,0.01,0.001,0.005,0.05,0.001,-,0.005,0,0.001,-,0.0001,-,0.006,-,-,-,-,-,-,-,-,-,-,-,-,-,2,10,5,0.001,0.01,-,-,-,-,1840,4840
6,3,2011-12-01,108,75,1,NA,-,27.3,-,-,-,6.44,-,-,-,7.92,1.1,-,0.08,5,0.02,0.005,0.005,0.005,0.02,-,0.147,0.002,0.017,-,0.277,-,0.001,-,-,-,0.0001,-,0.01,0.001,0.005,0.14,0.001,-,0.005,0,0.001,-,0.0001,-,0.005,-,-,-,-,-,-,-,-,-,-,-,-,-,2,10,5,0.001,0.01,-,-,-,-,4840,4840
6,3,2012-01-02,118,82,2,-,-,22.8,-,-,-,7.31,49,-,-,7.89,0.5,-,0.07,5,0.02,0.005,0.005,0.005,0.02,-,0.005,0.005,0.164,-,0.161,0.001,0.001,-,-,-,0.0001,-,0.01,0.001,0.005,0.09,0.001,-,0.005,0,0.001,-,0.0001,5.68,0.008,-,-,-,-,-,-,-,-,-,-,-,-,-,2,10,5,0.001,0.01,-,-,-,-,200,4840
6,3,2012-02-01,119.6,74,1,-,-,26.5,-,-,-,7.97,47,-,-,8.38,-,-,-,2,-,0.01,-,0,-,-,-,-,-,-,-,0.001,0.001,-,-,-,-,-,-,-,0.01,-,-,-,-,0.00005,-,-,-,-,0.01,-,-,-,-,-,-,-,-,-,-,-,-,-,-,-,-,-,-,-,-,-,-,-,-
6,3,2012-03-02,98.1,66,39,-,-,28.2,-,-,-,7.49,41,-,-,7.97,-,-,-,3,-,-,0.005,0.005,-,-,-,-,-,-,-,0.0005,0.001,-,-,-,-,-,-,-,0.01,-,-,-,-,0.00005,-,-,-,-,0.005,-,-,-,-,-,-,-,-,-,-,-,-,-,-,-,-,-,-,-,-,-,-,-,-
6,3,2012-04-02,138.3,96,1,-,-,-,-,-,-,7.85,58,-,-,8.02,-,-,-,3,-,-,0.005,0,-,-,-,-,-,-,-,0.0005,0.0005,-,-,-,-,-,-,-,0.01,-,-,-,-,0.00005,-,-,-,-,0.005,-,-,-,-,-,-,-,-,-,-,-,-,-,-,-,-,-,-,-,-,-,-,4840,4840
6,3,2012-05-01,102.7,71,16,-,-,28.1,-,-,-,6.18,43,-,-,7.94,-,-,-,3,-,-,0.005,0,-,-,-,-,-,-,-,0.0005,0.0005,-,-,-,-,-,-,-,0.01,-,-,-,-,0.00005,-,-,-,-,0.006,-,-,-,-,-,-,-,-,-,-,-,-,-,-,-,-,-,-,-,-,-,-,-,-
6,3,2012-06-02,128,89,2,-,-,27,-,-,-,7.72,54,-,-,7.82,1.5,-,0.07,4,0.02,0.005,0,0.005,0.02,-,0.04,0.001,0.049,-,0.14,-,0.001,-,-,-,0,-,0.01,0.001,0.005,0.03,0.001,-,0.005,0.00005,-,0.0005,0.001,-,0.005,-,-,-,-,-,-,-,-,-,-,-,-,-,2,74,5,0.001,0.01,-,-,-,-,4840,4840
6,3,2012-07-02,140,98,2,-,-,27.2,-,-,-,6.85,61,-,-,8.12,-,-,-,6,-,-,0.005,0,-,-,-,-,-,-,-,0.0005,0.0005,-,-,-,-,-,-,-,0.01,-,-,-,-,0.00005,-,-,-,-,0.005,-,-,-,-,-,-,-,-,-,-,-,-,-,-,-,-,-,-,-,-,-,-,-,-
6,3,2012-08-01,149.5,126,1,-,-,26.9,-,-,-,7.33,71,-,-,8.16,-,-,-,5,-,-,0.005,0,-,-,-,-,-,-,-,0.0005,0.0011,-,-,-,-,-,-,-,0.01,-,-,-,-,0.00005,-,-,-,-,0.005,-,-,-,-,-,-,-,-,-,-,-,-,-,-,-,-,-,-,-,-,-,-,-,-
6,3,2012-09-03,181.5,129,1,-,-,26.1,-,-,-,7.37,78,-,-,8.33,-,-,-,2,-,-,0.005,0,-,-,-,-,-,-,-,0.0005,0.0005,-,-,-,-,-,-,-,0.01,-,-,-,-,0.00005,-,-,-,-,0.005,-,-,-,-,-,-,-,-,-,-,-,-,-,-,-,-,-,-,-,-,-,-,-,-
6,3,2012-10-03,184.1,125,3,-,-,27,-,-,-,6.93,79,-,-,8.72,-,-,-,3,-,-,0.005,0.005,-,-,-,-,-,-,-,0.0005,0.001,-,-,-,-,-,-,-,0.005,-,-,-,-,0.00005,-,-,-,-,0.005,-,-,-,-,-,-,-,-,-,-,-,-,-,-,-,-,-,-,-,-,-,-,-,-
6,3,2012-11-01,109.3,94,4,-,-,28.7,-,-,-,6.92,65,-,-,8.26,-,-,-,7,-,-,0.005,0,-,-,-,-,-,-,-,0.0005,0.001,-,-,-,-,-,-,-,0.01,-,-,-,-,0.00005,-,-,-,-,0.005,-,-,-,-,-,-,-,-,-,-,-,-,-,-,-,-,-,-,-,-,-,-,-,-
6,3,2012-12-03,116,76,1,-,-,27.7,-,-,-,6.68,47,-,-,7.68,1.3,-,0.07,5,0.02,0.005,0.005,0.005,-,0.09,0.014,0.003,0.042,-,0.12,0.0005,0.001,-,-,-,0.0001,-,0.01,0.001,0.005,0.08,0.001,-,0.005,0.00005,-,-,0.001,-,0.005,-,-,-,-,-,-,-,-,-,-,-,-,-,2,14,5,0.001,0.01,-,-,-,-,880,4840
6,3,2013-01-11,100,70,5,-,-,28.1,-,-,-,6.94,45,-,-,7.77,2.1,-,-,-,-,0.005,0.005,-,-,-,-,-,-,-,-,0.0005,0.001,-,-,-,-,-,-,-,0.005,-,-,-,-,0.0002,-,-,-,-,0.005,-,-,-,-,-,-,-,-,-,-,-,-,-,-,-,-,-,-,-,-,-,-,-,-
6,3,2013-02-11,103,72,5,-,-,26.4,-,-,-,6.89,44,-,-,7.28,0.8,-,-,-,-,0.005,0.005,0.005,-,-,-,-,-,-,-,0.0005,0.0005,-,-,-,-,-,-,-,0.005,-,-,-,-,0.00005,-,-,-,-,0.005,-,-,-,-,-,-,-,-,-,-,-,-,-,-,-,-,-,-,-,-,-,-,-,-
6,3,2013-03-05,118,82,1,-,-,27,-,-,-,8.26,59,-,-,7.93,-,-,-,4,-,0.005,0.005,0.005,-,-,-,-,-,-,-,0.0005,0.0005,-,-,-,-,-,-,-,0.005,-,-,-,-,0.00005,-,-,-,-,0.008,-,-,-,-,-,-,-,-,-,-,-,-,-,-,-,-,-,-,-,-,-,-,-,-
6,3,2013-04-04,88,62,58,-,-,27.8,-,-,-,6.95,48,-,-,7.54,-,-,-,4,-,0.005,0.005,0.005,-,-,-,-,-,-,-,0.0005,0.0005,-,-,-,-,-,-,-,0.005,-,-,-,-,0.00005,-,-,-,-,0.005,-,-,-,-,-,-,-,-,-,-,-,-,-,-,-,-,-,-,-,-,-,-,-,-
6,3,2013-05-02,120,84,1,-,-,27,-,-,-,6.84,48,-,-,7.78,-,-,-,5,-,0.005,0.005,0.005,-,-,-,-,-,-,-,0.0005,0.0005,-,-,-,-,-,-,-,0.005,-,-,-,-,0.00005,-,-,-,-,0.005,-,-,-,-,-,-,-,-,-,-,-,-,-,-,-,-,-,-,-,-,-,-,-,-
6,3,2013-06-04,123,86,2,-,-,26.3,-,-,-,7.82,55,-,-,8,1.5,-,0.06,4,0.02,0.005,0.005,0.005,0.03,-,0.041,0.001,0.143,-,0.094,0.0005,0.0005,-,-,-,0.0001,-,0.01,0.001,0.005,0.12,0.001,-,0.005,0.00005,-,-,0.0001,-,0.009,-,-,-,-,-,-,-,-,-,-,-,-,-,2,12,5,0.001,0.01,-,-,-,-,2600,4840
6,3,2013-07-03,131,92,4,-,-,25.3,-,-,-,7.47,50,-,-,7.92,-,-,-,2,0.02,0.005,0.005,0.005,-,0.02,0.015,0.002,-,-,-,0.0005,0.0005,-,-,-,0.0001,-,-,0.001,0.005,0.07,0.001,-,0.005,0.00005,-,0.0005,0.0001,-,0.006,-,-,-,-,-,-,-,-,-,-,-,-,-,2,10,-,-,-,-,-,-,-,-,-
6,3,2013-08-02,140,98,2,-,-,26.7,-,-,-,7.36,66,-,-,8.19,-,-,-,-,-,0.005,0.005,0.005,-,0.02,0.005,0.001,-,-,-,0.0005,0.0005,-,-,-,0.0001,-,-,0.001,0.005,0.06,0.004,-,0.005,0.00005,-,0.001,0.0001,-,0.005,-,-,-,-,-,-,-,-,-,-,-,-,-,2,10,-,-,-,-,-,-,-,-,-
6,3,2013-09-05,136,93,1,-,-,25.9,-,-,-,7.5,75,-,-,7.6,5,-,0.1,5,0.002,0.01,0.01,0.01,-,0.1,0.03,0.01,0.01,-,0.1,-,0.001,-,-,-,0.001,-,0.02,0.1,0.01,0.1,0.01,-,0.05,0.0005,-,0.001,0.02,-,0.16,-,-,-,-,-,-,-,-,-,-,-,-,-,2,10,1,0.002,0.1,-,-,-,2420,-,2420
6,3,2013-10-02,137,93,1,-,-,26.1,-,-,-,7.39,78,-,-,7.7,5,-,0.1,6,0.002,0.01,0.01,0.01,-,0.1,0.01,0.01,0.2,-,0.5,-,0.001,-,-,-,0.001,-,0.02,0.1,0.01,0.3,0.01,-,0.05,0.0005,-,0.001,0.02,-,0.05,-,-,-,-,-,-,-,-,-,-,-,-,-,2,10,1,0.004,0.1,-,-,-,11,-,80
6,3,2013-11-12,134,91,1,-,-,24.4,-,-,-,7.36,81,-,-,7.4,5,-,0.1,5,0.002,0.01,0.01,0.01,-,0.4,0.04,0.01,0.26,-,0.1,-,0.001,-,-,-,0.001,-,0.02,0.1,0.01,0.1,0.01,-,0.05,0.0005,-,0.001,0.02,-,0.05,-,-,-,-,-,-,-,-,-,-,-,-,-,2,10,1,0.002,0.1,-,-,-,2420,-,2420
6,3,2013-12-04,115,78,3,-,-,24.8,-,-,-,6.49,75,-,-,7.5,5,-,0.1,6,0.002,0.01,0.01,0.01,-,0.1,0.06,0.01,0.07,-,0.4,-,0.001,-,-,-,0.001,-,0.02,0.1,0.01,0.1,0.01,-,0.05,0.0005,-,0.001,0.02,-,0.05,-,-,-,-,-,-,-,-,-,-,-,-,-,2,10,1,0.006,0.1,-,-,-,11,-,2420
6,3,2014-01-07,107,76,1,-,-,25.2,-,-,-,7.4,64,-,-,7.5,5,-,0.1,5,0.002,0.01,0.01,0.01,-,0.1,0.04,0.01,0.01,-,0.1,-,0.001,-,-,-,0.001,-,0.02,0.1,0.01,0.1,0.01,-,0.05,0.0005,-,0.001,0.02,-,0.05,-,-,-,-,-,-,-,-,-,-,-,-,-,2,10,1,0.002,0.1,-,-,-,1410,-,2420
6,3,2014-02-05,600,410,2,-,-,25.4,-,-,-,7.58,82,-,-,7.3,5,-,0.1,5,0.002,0.01,0.01,0.01,-,0.1,0.04,0.01,0.04,-,0.1,-,0.001,-,-,-,0.001,-,0.02,0.1,0.01,0.1,0.01,-,0.05,0.0005,-,0.001,0.02,-,0.05,-,-,-,-,-,-,-,-,-,-,-,-,-,2,10,1,0.002,0.1,-,-,-,225,-,2420
6,3,2014-03-11,139,95,2,-,-,27.5,-,-,-,7.22,67,-,-,8.1,5,-,0.1,6,0.002,0.01,0.01,0.01,-,0.1,0.15,0.01,0.1,-,0.1,-,0.001,-,-,-,0.001,-,0.02,0.1,0.01,0.1,0.01,-,0.05,0.0005,-,0.001,0.02,-,1.6,-,-,-,-,-,-,-,-,-,-,-,-,-,2,10,1,0.001,0.1,-,-,-,2420,-,2420
6,3,2014-04-02,167,109,1,-,-,26.8,-,-,-,6.62,47,-,-,8,5,-,0.1,5,0.002,0.01,0.01,0.01,-,0.1,0.16,0.01,0.05,-,0.1,-,0.001,-,-,-,0.001,-,0.02,0.1,0.01,0.1,0.01,-,0.05,0.0005,-,0.001,0.02,-,0.05,-,-,-,-,-,-,-,-,-,-,-,-,-,2,10,1,0.002,0.1,-,-,-,142,-,2420
6,3,2014-05-06,152,100,1,-,-,26.6,-,-,-,7.38,68,-,-,7.7,5,-,0.1,3,0.002,0.01,0.01,0.01,-,0.1,0.06,0.01,0.07,-,0.1,-,0.001,-,-,-,0.001,-,0.02,0.1,0.01,0.1,0.01,-,0.05,0.0005,-,0.001,0.02,-,0.05,-,-,-,-,-,-,-,-,-,-,-,-,-,2,10,1,0.003,0.19,-,-,-,112,-,2419
6,3,2014-06-04,119,81,3,-,-,26.1,-,-,-,7.12,57,-,-,7.4,5,-,0.1,5,0.002,0.01,0.01,0.01,-,0.1,0.13,0.01,0.05,-,0.2,-,0.001,-,-,-,0.001,-,0.02,0.1,0.01,0.1,0.01,-,0.05,0.0005,-,0.001,0.02,-,0.05,-,-,-,-,-,-,-,-,-,-,-,-,-,2,10,1,0.001,0.1,-,-,-,184,-,2419
6,3,2014-07-01,178,121,3,-,-,27.1,-,-,-,7.24,64,-,-,7.1,5,-,0.1,4,0.002,0.01,0.01,0.01,-,0.1,0.07,0.01,0.04,-,0.2,-,0.001,-,-,-,0.001,-,0.02,0.1,0.01,0.1,0.01,-,0.05,0.0005,-,0.001,0.02,-,0.9,-,-,-,-,-,-,-,-,-,-,-,-,-,2,10,1,0.001,0.1,-,-,-,770,-,2420
6,3,2014-08-05,155,100,1,-,-,26.1,-,-,-,7.18,83,-,-,7.3,5,-,0.1,5,0.002,0.01,0.01,0.01,-,0.1,0.356,0.01,0.01,-,0.1,-,0.001,-,-,-,0.001,-,0.02,0.1,0.01,0.1,0.01,-,0.05,0.0005,-,0.001,0.02,-,0.05,-,-,-,-,-,-,-,-,-,-,-,-,-,2,10,1,0.001,0.1,-,-,-,50,-,110
6,3,2014-09-02,167,97,1,-,-,25.3,-,-,-,7.69,79,-,-,7.7,5,-,0.1,5,0.002,0.01,0.01,0.01,-,0.1,0.01,0.01,0.03,-,0.1,-,0.001,-,-,-,0.001,-,0.02,0.1,0.01,0.1,0.01,-,0.05,0.0005,-,0.001,0.02,-,0.05,-,-,-,-,-,-,-,-,-,-,-,-,-,2,10,1,0.001,0.1,-,-,-,14,-,220
6,3,2014-10-01,155,90,1,-,-,24.9,-,-,-,7.21,77,-,-,7.6,5,-,0.1,5,0.002,0.01,0.01,0.01,-,0.1,0.01,0.01,0.11,-,0.1,-,0.001,-,-,-,0.001,-,0.02,0.1,0.01,0.1,0.01,-,0.05,0.0005,-,0.001,0.02,-,0.05,-,-,-,-,-,-,-,-,-,-,-,-,-,2,10,1,0.001,0.1,-,-,-,9,-,240
6,3,2014-11-04,144,84,4,-,-,26.6,-,-,-,7.42,63,-,-,7.4,5,-,0.2,7,0.002,0.01,0.01,0.01,-,0.1,0.01,0.01,0.01,-,0.2,-,0.001,-,-,-,0.001,-,0.02,0.1,0.01,0.1,0.01,-,0.05,0.0005,-,0.001,0.02,-,0.43,-,-,-,-,-,-,-,-,-,-,-,-,-,2,10,1,0.01,0.1,-,-,-,50,-,3000
6,3,2014-12-03,118,82,8,-,-,26.8,-,-,-,7.53,39,-,-,7.68,2.3,-,0.08,5,0.01,0.005,0.005,0.005,-,0.21,0.085,0.004,0.093,-,0.633,-,0.0005,-,-,-,0.0001,-,0.005,0.001,0.005,0.28,0.005,-,0.007,0.00005,-,0.0009,0.008,-,0.008,-,-,-,-,-,-,-,-,-,-,-,-,-,2,10,1,0.001,0.01,-,-,-,582,-,4840
6,3,2015-01-06,94,66,29,-,-,24.6,-,-,-,7.44,34,-,-,7.6,2.8,-,0.04,7,0.01,0.005,0.005,0.005,-,0.02,0.284,0.001,0.062,-,2.02,-,0.0005,-,-,-,0.0002,-,0.005,0.001,0.005,0.85,0.004,-,0.005,0.00005,-,0.0005,0.0001,-,0.005,-,-,-,-,-,-,-,-,-,-,-,-,-,6,16,1,0.001,0.01,-,-,-,1460,-,4840
6,3,2015-02-03,151,105,1,-,-,26.4,-,-,-,7.26,68,-,-,8.41,2.4,-,0.02,5,0.01,0.005,0.005,0.005,-,0.04,0.051,0.001,0.322,-,0.215,-,0.0005,-,-,-,0.0001,-,0.005,0.001,0.005,0.007,0.004,-,0.005,0.00005,-,0.0008,0.0011,-,0.005,-,-,-,-,-,-,-,-,-,-,-,-,-,2,10,1,0.001,0.01,-,-,-,1540,-,4840
6,3,2015-03-03,120,84,1,-,-,25.4,-,-,-,7.11,55,-,-,7.95,1.1,-,0.04,3,0.01,0.005,0.005,0.005,-,0.02,0.131,0.001,0.049,-,0.177,-,0.0005,-,-,-,0.0001,-,0.005,0.001,0.005,0.09,0.004,-,0.005,0.00005,-,0.0016,0.0024,-,0.005,-,-,-,-,-,-,-,-,-,-,-,-,-,2,10,1,0.001,0.01,-,-,-,680,-,4840
6,3,2015-04-05,134,94,3,-,-,26.8,-,-,-,7.4,57,-,-,7.7,1.6,-,0.05,3,0.01,0.005,0.005,0.005,-,0.02,0.005,0.001,0.02,-,0.2,-,0.005,-,-,-,0.001,-,0.005,0.01,0.01,0.02,0.005,-,0.05,0.00005,-,0.005,0.01,-,0.01,-,-,-,-,-,-,-,-,-,-,-,-,-,2,10,1,0.001,0.01,-,-,-,-,86,4840
6,3,2015-05-03,130,91,3,-,-,26.6,-,-,-,7.27,64,-,-,8.14,2.2,-,0.32,4,0.01,0.005,0.005,0.005,-,0.02,0.059,0.001,0.179,-,0.096,-,0.0005,-,-,-,0.0001,-,0.005,0.001,0.005,0.02,0.003,-,0.005,0.00005,-,0.0005,0.0001,-,0.005,-,-,-,-,-,-,-,-,-,-,-,-,-,2,10,1,0.001,0.01,-,-,-,4840,-,4840
6,3,2015-06-03,172,120,1,-,-,27.7,-,-,-,7.35,76,-,-,8.17,0.9,-,0.24,3,0.01,0.005,0.005,0.005,-,0.02,0.031,0.001,0.216,-,0.005,-,0.0005,-,-,-,0.0001,-,0.005,0.001,0.005,0.02,0.001,-,0.005,0.00005,-,0.0005,0.0001,-,0.006,-,-,-,-,-,-,-,-,-,-,-,-,-,2,10,1,0.001,0.01,-,-,-,-,1300,4840
6,3,2015-07-01,172,120,3,-,-,26.6,-,-,-,7.08,83,-,-,8.18,2.5,-,0.08,3,0.01,0.05,0.05,0.05,-,0.02,0.068,0.001,0.065,-,0.064,-,0.002,-,-,-,0.0001,-,0.005,0.001,0.005,0.02,0.001,-,0.005,0.00005,-,0.0005,0.0001,-,0.006,-,-,-,-,-,-,-,-,-,-,-,-,-,2,10,1,0.001,0.01,-,-,-,340,-,4840
6,3,2015-08-04,195,137,7,-,-,26.3,-,-,-,6.89,93,-,-,8.17,1.8,-,0.14,4,0.01,0.005,0.005,0.005,-,0.02,0.027,0.001,0.33,-,0.005,-,0.0005,-,-,-,0.0001,-,0.005,0.001,0.005,0.02,0.001,-,0.005,0.00005,-,0.0005,0.0001,-,0.006,-,-,-,-,-,-,-,-,-,-,-,-,-,2,10,40,0.001,0.01,-,-,-,1960,-,4840
6,3,2015-09-03,202,142,1,-,-,28.2,-,-,-,7.21,114,-,-,8.25,1.4,-,0.07,6,0.01,0.05,0.05,0.05,-,0.02,0.005,0.001,0.257,-,0.005,-,0.0005,-,-,-,0.0001,-,0.005,0.001,0.011,0.02,0.001,-,0.005,0.00005,-,0.0007,0.0001,-,0.005,-,-,-,-,-,-,-,-,-,-,-,-,-,2,10,1,0.001,0.01,-,-,-,112,-,4840
6,3,2015-10-06,223,156,1,-,-,29,-,-,-,7.31,120,-,-,8.37,3.2,-,0.07,2,0.01,0.005,0.005,0.005,-,0.02,0.005,0.001,0.179,-,0.005,-,0.0005,-,-,-,0.0001,-,0.005,0.001,0.005,0.02,0.001,-,0.005,0.00005,-,0.0005,0.0001,-,0.005,-,-,-,-,-,-,-,-,-,-,-,-,-,2,10,1,0.001,0.01,-,-,-,142,-,4840
6,3,2015-11-03,196,137,1,-,-,28.3,-,-,-,7.21,88,-,-,8.12,11.1,-,0.07,9,0.01,0.005,0.005,0.005,-,0.02,0.005,0.001,0.333,-,0.007,-,0.0005,-,-,-,0.0001,-,0.005,0.001,0.005,0.02,0.001,-,0.005,0.00005,-,0.0005,0.0001,-,0.005,-,-,-,-,-,-,-,-,-,-,-,-,-,2,10,1,0.007,0.02,-,-,-,220,-,4840
6,3,2015-12-01,190,133,2,-,-,28,-,-,-,8,69,-,-,7.99,-,-,0.07,14,0.01,0.005,0.005,0.005,-,0.02,0.17,0.001,0.124,-,0.011,-,0.0005,-,0.005,-,0.0001,-,0.005,0.001,0.005,0.02,0.002,-,0.005,0.00005,-,0.0007,0.0001,-,0.005,-,-,-,-,-,-,-,-,-,-,-,-,-,2,10,1,0.001,0.01,-,-,-,620,-,4840
6,3,2016-01-05,146.9,103,2,-,-,27.4,-,-,-,7.83,63,-,-,8.03,-,0.02,0.09,6,0.01,0.005,0.005,0.005,-,0.02,0.062,0.002,0.113,-,0.109,-,0.0005,-,0.005,-,0.0001,-,0.005,0.001,0.005,0.1,0.001,-,0.005,0.00005,-,0.0005,0.0013,-,0.005,-,-,-,-,-,-,-,-,-,-,-,-,-,2,10,1,0.001,0.01,-,-,-,456,-,4840
6,3,2016-02-03,133,93,8,-,-,27.2,-,-,-,8.19,-,-,-,8.08,-,-,-,6,0.01,0.005,0.005,0.005,-,0.02,0.178,0.001,-,-,-,-,0.0005,-,0.006,-,0.0001,-,-,0.001,0.005,0.29,0.002,-,0.005,0.00005,-,0.0005,0.0001,-,0.005,-,-,-,-,-,-,-,-,-,-,-,-,-,2,10,-,-,-,-,-,-,-,-,-
6,3,2016-03-02,116,81,4,-,-,28.1,-,-,-,8.12,-,-,-,7.97,-,-,-,4,0.01,0.005,0.005,0.005,-,0.03,0.263,0.001,-,-,-,-,0.0005,-,0.046,-,0.0002,-,-,0.001,0.005,0.3,0.008,-,0.005,0.00005,-,0.0005,0.0001,-,0.005,-,-,-,-,-,-,-,-,-,-,-,-,-,2,10,-,-,-,-,-,-,-,-,-
6,3,2016-04-05,152,107,1,-,-,29.2,-,-,-,7.94,65,-,-,7.92,-,0.02,0.06,2,0.01,0.005,0.005,0.005,-,0.02,0.107,0.002,0.04,-,0.194,-,0.0005,-,0.012,-,0.0001,-,0.005,0.001,0.005,0.19,0.014,-,0.005,0.00005,-,0.0005,0.0001,-,0.005,-,-,-,-,-,-,-,-,-,-,-,-,-,2,10,1,0.001,0.01,-,-,-,-,1300,4840
6,3,2016-05-02,135,94,3,-,-,28.6,-,-,-,8.05,-,-,-,8.14,-,-,-,2,0.01,0.005,0.005,0.005,-,0.02,0.09,0.001,-,-,-,-,0.0005,-,0.012,-,0.0001,-,-,0.001,0.005,0.09,0.014,-,0.005,0.00005,-,0.0007,0.0077,-,0.005,-,-,-,-,-,-,-,-,-,-,-,-,-,2,10,-,-,-,-,-,-,-,-,-
6,3,2016-06-01,141,98,1,-,-,27.7,-,-,-,8.16,-,-,-,8.02,-,-,-,2,0.002,0.005,0.005,0.005,-,0.02,0.086,0.001,-,-,-,-,0.0005,-,0.005,-,0.0001,-,-,0.001,0.011,0.13,0.001,-,0.014,0.00005,-,0.0005,0.0001,-,0.005,-,-,-,-,-,-,-,-,-,-,-,-,-,2,10,-,-,-,-,-,-,-,-,-
6,3,2016-07-02,151,106,1,-,-,28,-,-,-,8.08,64,-,-,8.13,-,0.04,0.06,2,0.002,0.005,0.005,0.005,-,0.02,0.023,0.001,0.04,-,0.12,-,0.0005,-,0.008,-,0.0001,-,0.005,0.001,0.005,0.08,0.003,-,0.005,0.00005,-,0.001,0.0001,-,0.005,-,-,-,-,-,-,-,-,-,-,-,-,-,2,10,1,0.001,0.01,-,-,-,-,1380,4840
6,3,2016-08-03,118,83,2,-,-,25.7,-,-,-,8.2,-,-,-,7.79,-,-,-,2,0.002,0.005,0.005,0.005,-,0.02,0.058,0.001,-,-,-,-,0.0005,-,0.005,-,0.0005,-,-,0.001,0.005,0.02,0.025,-,0.005,0.00005,-,0.0008,0.0001,-,0.005,-,-,-,-,-,-,-,-,-,-,-,-,-,2,10,-,-,-,-,-,-,-,-,-
6,3,2016-09-03,168,117,1,-,-,28.5,-,-,-,8.09,-,-,-,8.17,-,-,-,2,0.002,0.005,0.005,0.005,-,0.02,0.005,0.001,-,-,-,-,0.0005,-,0.009,-,0.0001,-,-,0.001,0.005,0.03,0.001,-,0.005,0.00005,-,0.0007,0.0002,-,0.005,-,-,-,-,-,-,-,-,-,-,-,-,-,2,10,-,-,-,-,-,-,-,-,-
6,3,2016-10-04,121,84,9,-,-,28.5,-,-,-,7.96,53,-,-,8.06,-,0.02,0.06,2,0.002,0.005,0.005,0.005,-,0.02,0.005,0.001,0.429,-,0.107,-,0.0005,-,0.008,-,0.0002,-,0.005,0.001,0.005,0.55,0.001,-,0.005,0.00005,-,0.0007,0.0001,-,0.006,-,-,-,-,-,-,-,-,-,-,-,-,-,2,10,1,0.001,0.01,-,-,-,-,3100,4840
6,3,2016-11-02,113,79,11,-,-,27.6,-,-,-,7.87,47,-,-,7.68,-,0.02,0.04,2,0.002,0.005,0.005,0.005,-,0.02,0.072,0.001,0.084,-,3.17,-,0.0005,-,0.009,-,0.0003,-,0.005,0.001,0.005,1.37,0.004,-,0.009,0.00005,-,0.0005,0.0001,-,0.005,-,-,-,-,-,-,-,-,-,-,-,-,-,2,10,1,0.001,0.01,-,-,-,-,4840,4840
6,3,2016-12-01,146,102,2,-,-,28.1,-,-,-,7.97,-,-,-,8.08,-,-,-,2,0.002,0.005,0.005,0.005,-,0.03,0.077,0.001,-,-,-,-,0.0005,-,0.044,-,0.0002,-,-,0.001,0.005,0.14,0.001,-,0.005,0.00005,-,0.0005,0.0009,-,0.005,-,-,-,-,-,-,-,-,-,-,-,-,-,2,10,-,-,-,-,-,-,-,-,-
6,3,2017-01-02,103,72,12,-,-,27.4,-,-,-,8.3,44,-,-,7.72,-,0.02,0.06,2,0.002,0.005,0.021,0.005,-,0.02,0.324,0.001,0.031,-,0.457,-,0.0005,-,0.009,-,0.0001,-,0.005,0.001,0.005,0.25,0.005,-,0.005,0.00005,-,0.0005,0.0001,-,0.005,-,-,-,-,-,-,-,-,-,-,-,-,-,2,10,1,0.001,0.01,-,-,-,-,980,4840
6,3,2017-02-02,123,86,1,-,-,26.2,-,-,-,8.02,-,-,-,7.81,-,-,-,2,0.002,0.005,0.005,0.005,-,0.02,0.109,0.001,-,-,-,-,0.0005,-,0.009,-,0.0003,-,-,0.001,0.005,0.16,0.001,-,0.005,0.00005,-,0.0005,0.0001,-,0.005,-,-,-,-,-,-,-,-,-,-,-,-,-,2,10,-,-,-,-,-,-,-,-,-
6,3,2017-03-01,118,83,5,-,-,28.1,-,-,-,8.28,-,-,-,8.06,-,-,-,2,0.002,0.005,0.005,0.005,-,0.02,0.286,0.001,-,-,-,-,0.0005,-,0.016,-,0.0001,-,-,0.001,0.005,0.24,0.001,-,0.005,0.00005,-,0.0005,0.0001,-,0.005,-,-,-,-,-,-,-,-,-,-,-,-,-,3,10,-,-,-,-,-,-,-,-,-
6,3,2017-04-04,108,76,13,-,-,28.6,-,-,-,8.21,47,-,-,7.88,-,0.02,0.02,2,0.002,0.005,0.005,0.005,-,0.02,0.121,0.001,0.062,-,0.998,-,0.0005,-,0.005,-,0.0001,-,0.005,0.001,0.005,0.41,0.001,-,0.005,0.00005,-,0.0005,0.0001,-,0.005,-,-,-,-,-,-,-,-,-,-,-,-,-,2,10,1,0.001,0.01,-,-,-,-,4840,4840
6,3,2017-05-03,135,95,2,-,-,28.9,-,-,-,8.05,-,-,-,8.05,-,-,-,2,0.002,0.005,0.005,0.005,-,0.02,0.005,0.001,-,-,-,-,0.0005,-,0.009,-,0.0001,-,-,0.001,0.005,0.05,0.001,-,0.005,0.00005,-,0.0005,0.0001,-,0.005,-,-,-,-,-,-,-,-,-,-,-,-,-,2,10,-,-,-,-,-,-,-,-,-
6,3,2017-06-01,127,89,5,-,-,28.6,-,-,-,7.88,-,-,-,7.99,-,-,-,5,0.002,0.005,0.005,0.005,-,0.02,0.141,0.001,-,-,-,-,0.0005,-,0.195,-,0.0001,-,-,0.001,0.006,0.14,0.001,-,0.005,0.00005,-,0.0005,0.0001,-,0.024,-,-,-,-,-,-,-,-,-,-,-,-,-,2,10,-,-,-,-,-,-,-,-,-
6,3,2017-07-04,117,82,1,-,-,27.9,-,-,-,8.37,49,-,-,7.92,-,0.02,0.07,5,0.002,0.005,0.005,0.005,-,0.02,0.064,0.001,0.129,-,1.01,-,0.0005,-,0.006,-,0.0001,-,0.005,0.001,0.005,0.34,0.001,-,0.005,0.00005,-,0.0005,0.0001,-,0.005,-,-,-,-,-,-,-,-,-,-,-,-,-,2,10,1,0.001,0.01,-,-,-,-,626,4840
6,3,2017-08-01,156,109,1,-,-,27.6,-,-,-,7.91,-,-,-,8.08,-,-,-,5,0.002,0.005,0.005,0.005,-,0.02,0.005,0.001,-,-,-,-,0.0005,-,0.008,-,0.0001,-,-,0.001,0.005,0.05,0.001,-,0.005,0.00002,-,0.0005,0.0001,-,0.005,-,-,-,-,-,-,-,-,-,-,-,-,-,2,10,-,-,-,-,-,-,-,-,-
6,3,2017-09-01,176,123,1,-,-,27.8,-,-,-,7.96,-,-,-,8.27,-,-,-,5,0.002,0.005,0.005,0.005,-,0.02,0.041,0.001,-,-,-,-,0.0005,-,0.005,-,0.0001,-,-,0.001,0.005,0.02,0.001,-,0.005,0.00002,-,0.0005,0.0001,-,0.005,-,-,-,-,-,-,-,-,-,-,-,-,-,2,10,-,-,-,-,-,-,-,-,-
6,3,2017-10-01,125,88,1,-,-,27.8,-,-,-,8.04,58,-,-,8.1,-,0.02,0.06,5,0.002,0.005,0.005,0.005,-,0.02,0.005,0.004,0.185,-,0.452,-,0.0005,-,0.005,-,0.0001,-,0.005,0.001,0.005,0.27,0.002,-,0.005,0.00005,-,0.0005,0.0001,-,0.005,-,-,-,-,-,-,-,-,-,-,-,-,-,2,10,1,0.001,0.01,-,-,-,-,1732,4840
6,3,2017-11-01,117,82,7,-,-,28.1,-,-,-,7.86,-,-,-,7.81,-,0.005,-,6,0.002,0.005,0.005,0.005,-,0.02,0.005,0.005,-,-,-,-,0.0005,-,0.005,-,0.0001,-,-,0.001,0.005,1.19,0.001,-,0.009,0.00005,-,0.0005,0.0001,-,0.005,-,-,-,-,-,-,-,-,-,-,-,-,-,2,10,-,-,-,-,-,-,-,-,-
6,3,2017-12-01,139,97,1,-,-,26.5,-,-,-,7.7,-,-,-,7.93,-,-,-,5,0.002,0.005,0.005,0.005,-,0.02,0.07,0.001,-,-,-,-,0.0005,-,0.005,-,0.0001,-,-,0.001,0.005,0.04,0.001,-,0.005,0.00005,-,0.0005,0.0001,-,0.005,-,-,-,-,-,-,-,-,-,-,-,-,-,2,10,-,-,-,-,-,-,-,-,-
6,3,2018-01-04,128,90,1,-,-,28.8,-,-,-,7.8,-,-,-,7.7,-,-,-,5,0.002,0.005,0.005,0.005,-,0.25,0.079,0.001,-,-,-,-,0.0005,-,0.011,-,0.0001,-,-,0.001,0.005,0.34,0.004,-,0.005,0.00005,-,0.0005,0.0009,-,0.011,-,-,-,-,-,-,-,-,-,-,-,-,-,2,10,-,-,-,-,-,-,-,-,-
6,3,2018-02-01,141,99,1,-,-,27.2,-,-,-,8.23,69,-,-,7.6,-,0.02,0.2,5,0.002,0.005,0.005,0.005,-,0.02,0.028,0.001,0.06,-,0.049,-,0.0005,-,0.01,-,0.0001,-,0.005,0.001,0.005,0.05,0.001,-,0.005,0.00005,-,0.0005,0.0001,-,0.005,-,-,-,-,-,-,-,-,-,-,-,-,-,2,10,1,0.001,0.01,-,-,-,-,410,4840
6,3,2018-03-01,99,69,1,-,-,27.4,-,-,-,8.05,-,-,-,7.68,-,-,-,5,0.002,0.005,0.005,0.005,-,0.02,0.169,0.003,-,-,-,-,0.0005,-,0.011,-,0.0003,-,-,0.001,0.005,0.95,0.001,-,0.009,0.00005,-,0.0005,0.0004,-,0.005,-,-,-,-,-,-,-,-,-,-,-,-,-,2,10,-,-,-,-,-,-,-,-,-
6,3,2018-04-01,125,88,1,-,49,27.8,-,-,-,7.68,-,-,-,8.16,0.6,-,-,5,0.002,0.005,0.005,0.005,-,0.02,0.049,0.001,-,-,-,-,0.0005,-,0.01,-,0.0001,-,-,0.001,0.005,0.07,0.001,-,0.005,0.00005,-,0.0005,0.0001,-,0.005,-,-,-,-,-,-,-,-,-,-,-,-,-,2,10,-,-,-,-,-,-,-,-,-
6,3,2018-05-01,119,84,1,-,51,26.6,-,-,-,8.01,57,-,-,7.78,0.5,0.02,0.06,5,0.002,0.005,0.005,0.005,-,0.02,0.152,0.001,0.025,-,0.594,-,0.0005,-,0.011,-,0.0001,-,0.005,0.001,0.005,0.29,0.001,-,0.005,0.00005,-,0.0005,0.0112,-,0.005,-,-,-,-,-,-,-,-,-,-,-,-,-,2,10,1,0.001,0.01,-,-,-,-,1540,4840
6,3,2018-06-06,137,96,1,-,48,-,-,-,-,8.6,-,-,-,7.94,0.5,-,-,5,0.002,0.005,0.005,0.005,-,0.02,0.052,0.001,-,-,-,-,0.0005,-,0.005,-,0.0001,-,-,0.001,0.005,0.16,0.001,-,0.005,0.00005,-,0.0005,0.0001,-,0.005,-,-,-,-,-,-,-,-,-,-,-,-,-,2,10,-,-,-,-,-,-,-,-,-
6,3,2018-07-03,157,110,1,-,49,-,-,-,-,8.04,-,-,-,7.88,1.9,-,-,5,0.002,0.005,0.005,0.005,-,0.06,0.04,0.001,-,-,-,-,0.0005,-,0.005,-,0.0001,-,-,0.001,0.005,0.05,0.001,-,0.005,0.00005,-,0.0005,0.0001,-,0.005,-,-,-,-,-,-,-,-,-,-,-,-,-,2,10,-,-,-,-,-,-,-,-,-
6,3,2018-08-01,179,125,1,-,74,-,-,-,-,8,92,-,-,8.17,1.4,0.02,0.09,5,0.002,0.005,0.005,0.005,-,0.02,0.029,0.001,0.066,-,0.005,-,0.0005,-,0.01,-,0.0001,-,0.005,0.001,0.005,0.04,0.001,-,0.045,0.00005,-,0.0005,0.0001,-,0.005,-,-,-,-,-,-,-,-,-,-,-,-,-,2,10,1,0.001,0.01,-,-,-,-,3460,4840
6,3,2018-09-04,199,139,1,-,76,-,-,-,-,8.04,-,-,-,8.12,2,-,-,5,0.002,0.005,0.005,0.005,-,0.04,0.015,0.001,-,-,-,-,0.0005,-,0.005,-,0.0001,-,-,0.001,0.005,0.03,0.001,-,0.005,0.00005,-,0.0005,0.0001,-,0.005,-,-,-,-,-,-,-,-,-,-,-,-,-,2,10,-,-,-,-,-,-,-,-,-
6,3,2018-10-02,207,145,1,-,82,28.5,-,0.1,-,7.35,-,1,84,7.67,1.5,-,-,5,0.002,0.005,0.005,0.005,-,0.02,0.008,0.001,-,-,-,-,0.0005,-,0.005,-,0.0001,-,-,0.001,0.005,0.02,0.001,-,0.005,0.00005,-,0.0005,0.0001,-,0.005,-,-,-,-,-,-,-,-,-,-,-,-,-,2,10,-,-,-,-,-,-,-,-,-
6,3,2018-11-01,153,108,1,-,59,28.6,-,0.1,-,7.99,-,1,62,8.4,1.9,-,-,5,0.002,0.005,0.005,0.005,-,0.02,0.005,0.001,-,-,-,-,0.0005,-,0.007,-,0.0001,-,-,0.001,0.005,0.31,0.001,-,0.005,0.00005,-,0.0005,0.0008,-,0.005,-,-,-,-,-,-,-,-,-,-,-,-,-,2,10,-,-,-,-,-,-,-,-,-
6,3,2018-12-03,153,107,5,-,57,25.8,-,0.1,-,7.76,-,1,67,8.3,1.2,0.02,0.07,5,0.002,0.005,0.005,0.005,-,0.02,0.055,0.001,0.053,-,0.306,-,0.0005,-,0.005,-,0.0001,0.0001,0.005,0.001,0.005,0.19,0.001,-,0.005,0.00005,-,0.0005,0.0001,-,0.005,-,-,-,-,-,-,-,-,-,-,-,-,-,2,10,1,0.001,0.01,-,-,-,-,1454,4840
6,3,2019-01-05,107,75,9,26.6,41,26.9,-,0.1,-,7.79,-,1,46,8.03,1.7,-,-,5,0.002,0.005,0.005,0.005,-,0.02,0.103,0.001,-,-,-,-,0.0005,-,0.005,10.7,0.0001,-,-,0.001,0.005,0.56,0.001,3.49,0.005,0.00005,-,0.0005,0.0002,-,0.005,-,-,-,-,-,-,-,-,-,-,-,-,-,2,10,-,-,-,-,-,-,-,-,-
6,3,2019-02-05,111,78,1,9.9,40,26.7,-,0.1,-,7.89,41,1,41,7.14,1.7,0.02,0.17,5,0.002,0.005,0.005,0.005,-,0.02,0.179,0.001,0.061,-,0.398,-,0.0005,-,0.009,10.7,0.0001,-,0.005,0.001,0.005,0.18,0.001,3.27,0.005,0.00005,-,0.0005,0.0001,-,0.005,-,-,-,-,-,-,-,-,-,-,-,-,-,2,10,1,0.001,0.01,-,-,-,-,774,4840
6,3,2019-03-01,132,93,2,3.5,52,27.9,-,0.1,-,8.17,60,1,59,8.46,1.6,0.02,0.09,5,0.002,0.005,0.005,0.005,-,0.02,0.098,0.038,0.041,-,0.106,-,0.0005,-,0.01,14.1,0.0001,-,0.005,0.001,0.005,0.07,0.001,4.08,0.005,0.00005,-,0.0005,0.0001,-,0.005,-,-,-,-,-,-,-,-,-,-,-,-,-,2,10,1,0.001,0.01,-,-,-,-,168,4840
6,3,2019-04-03,147,103,4,0,50,29.17,-,0.1,-,7.69,-,1,63,8.05,0.5,-,-,5,0.002,0.005,0.005,0.005,-,0.02,0.005,0.001,-,-,-,-,0.0005,-,0.005,12.9,0.0001,-,-,0.001,0.005,0.02,0.001,4.25,0.005,0.00005,-,0.0005,0.0001,-,0.005,-,-,-,-,-,-,-,-,-,-,-,-,-,2,10,-,-,-,-,-,-,-,-,-
6,3,2019-05-07,133,94,1,2.2,44,30.1,-,0.1,-,7.82,59,1,59,8.03,0.5,0.02,0.06,5,0.002,0.005,0.02,0.005,-,0.04,0.065,0.001,0.046,-,0.086,-,0.0005,-,0.006,11.5,0.0001,-,0.005,0.001,0.005,0.04,0.001,3.81,0.005,0.00005,-,0.0005,0.0001,-,0.005,-,-,-,-,-,-,-,-,-,-,-,-,-,2,10,1,0.001,0.01,-,-,-,-,598,4840
6,3,2019-06-12,151,100,1,2,55.1,28.8,-,0,-,7.25,70,1,70,7.68,2,0.01,0.06,4,0.002,0.005,0.005,0.005,-,0.02,0.02,0.001,0.149,-,0.02,-,0.0005,-,0.01,14.7,0.0001,-,0.002,0.001,0.001,0.017,0.001,4.48,0.001,0.00005,-,0.0005,0.001,-,0.005,-,-,-,-,-,-,-,-,-,-,-,-,-,2,4,1,0.001,0.01,-,-,-,-,ND,7070
6,3,2019-07-03,152,100,1,3.4,54.9,27.6,-,0,-,7.42,62,1,62,7.35,2.8,0.06,0.08,5,0.002,0.005,0.005,0.005,-,0.02,0.022,0.001,0.059,-,0.01,-,0.0005,-,0.01,14.6,0.0001,-,0.002,0.001,0.009,0.019,0.001,4.48,0.002,0.00005,-,0.0005,0.001,-,0.005,-,-,-,-,-,-,-,-,-,-,-,-,-,2,6,1,0.001,0.01,-,-,-,-,2,1320
6,3,2019-08-05,199,128,1,0,73.9,27.2,-,0,-,7.39,85,1,85,8.09,2.4,0.01,0.1,5,0.002,0.005,0.005,0.005,-,0.02,0.005,0.001,0.256,-,0.01,-,0.0005,-,0.01,19.9,0.0001,-,0.002,0.001,0.004,0.018,0.001,5.86,0.001,0.00047,-,0.0005,0.001,-,0.005,-,-,-,-,-,-,-,-,-,-,-,-,-,2,4,1,0.001,0.01,-,-,-,-,10,12100
6,3,2019-09-04,206,138,2,0,71.8,28.4,-,0.1,-,7.31,97,1,97,7.86,1.6,0.01,0.06,2,0.002,0.005,0.005,0.005,-,0.02,0.005,0.001,1.16,-,0.02,-,0.0005,-,0.01,19.5,0.0001,-,0.002,0.001,0.008,0.032,0.001,5.62,0.001,0.00005,-,0.0005,0.001,-,0.005,-,-,-,-,-,-,-,-,-,-,-,-,-,2,6,1,0.001,0.01,-,-,-,-,1,1630
6,3,2019-10-01,216,144,1,1.2,83.1,30.7,-,0.1,-,7.45,96,1,96,8.29,2.6,0.01,0.08,4,0.002,0.005,0.005,0.005,-,0.02,0.023,0.001,0.391,-,0.01,-,0.0006,-,0.02,21.8,0.0001,-,0.002,0.001,0.002,0.014,0.001,6.92,0.001,0.00005,-,0.0005,0.001,-,0.005,-,-,-,-,-,-,-,-,-,-,-,-,-,2,9,1,0.001,0.01,-,-,-,-,34,3330
6,3,2019-11-05,172,116,1,0,64.7,30.6,-,0.1,-,7.64,68,1,68,7.87,4,0.01,0.09,8,0.002,0.005,0.005,0.005,-,0.02,0.092,0.001,0.252,-,0.01,-,0.0005,-,0.02,17.2,0.0001,-,0.002,0.001,0.002,0.041,0.001,5.25,0.001,0.00005,-,0.0005,0.001,-,0.005,-,-,-,-,-,-,-,-,-,-,-,-,-,3,12,1,0.001,0.01,-,-,-,-,1,12100
6,3,2019-12-03,182,118,4,1.5,69.9,29.8,-,0.1,-,7.2,91,1,91,8.15,2.7,0.01,0.07,7,0.002,0.005,0.005,0.005,-,0.02,0.019,0.001,0.267,-,0.01,-,0.0005,-,0.02,18.9,0.0001,-,0.002,0.001,0.001,0.014,0.001,5.53,0.001,0.00005,-,0.0005,0.001,-,0.005,-,-,-,-,-,-,-,-,-,-,-,-,-,2,5,1,0.001,0.01,-,-,-,-,1,12100
6,3,2020-01-08,97,68,39,68.3,32.9,25.8,-,0,-,7.45,40,1,40,7.39,2.7,0.01,0.07,4,0.002,0.005,0.005,0.005,-,0.02,0.631,0.001,0.624,-,0.4,-,0.0005,-,0.02,0.05,0.0001,-,0.002,0.001,0.004,0.209,0.001,2.89,0.004,0.00005,-,0.0005,0.001,-,0.005,-,-,-,-,-,-,-,-,-,-,-,-,-,3,15,1000,1,10,-,-,-,-,1,12100
6,3,2020-02-05,100,69,6,20.7,33.3,28.8,-,0,-,7.26,42,1,42,7.73,2.4,0.01,0.07,4,0.002,0.005,0.005,0.005,-,0.02,0.29,0.001,0.106,-,0.44,-,0.0005,-,0.02,8.34,0.0001,-,0.002,0.001,0.004,0.193,0.001,3.04,0.002,0.00005,-,0.0005,0.001,-,0.005,-,-,-,-,-,-,-,-,-,-,-,-,-,2,2,1000,1,10,-,-,-,-,1,12100
6,3,2020-03-03,96,60,27,45,29.8,27.6,-,0.1,-,7.4,40,1,40,7.96,2.1,0.01,0.07,3,0.002,0.005,0.005,0.005,-,0.02,0.277,0.001,0.176,-,1.38,-,0.0005,-,0.02,7.8,0.0001,-,0.002,0.001,0.003,0.49,0.001,2.52,0.004,0.00005,-,0.0005,0.001,-,0.005,-,-,-,-,-,-,-,-,-,-,-,-,-,2,5,1000,1,10,-,-,-,-,1,12100
6,3,2020-04-07,152,102,4,13.5,46.3,29.2,-,0.1,-,7.15,67,1,67,7.02,2.8,0.01,0.1,5,0.002,0.005,0.005,0.005,-,0.02,0.065,0.002,0.212,-,0.37,-,0.0018,-,0.01,12,0.0001,-,0.002,0.001,0.002,0.319,0.001,3.99,0.003,0.00005,-,0.0005,0.001,-,0.005,-,-,-,-,-,-,-,-,-,-,-,-,-,2,3,1000,1,10,-,-,-,-,1,12100
6,3,2020-05-04,126,88,9,22,44,30,-,0.1,-,7.4,49,1,49,7.48,8.8,0.02,0.02,5,0.002,0.005,0.005,0.005,-,0.02,0.077,0.002,0.035,-,1.7,-,0.0005,-,0.011,11.2,0.0001,-,0.005,0.001,0.005,0.96,0.001,3.98,0.006,0.00005,-,0.0005,0.0001,-,0.005,-,-,-,-,-,-,-,-,-,-,-,-,-,2,10,1,0.001,0.01,-,-,-,-,1454,4840
6,3,2020-06-12,150,92,15,15.9,42.1,29.5,-,0,-,7.63,74,1,74,7.82,2.8,0.01,0.11,5,0.002,0.005,0.005,0.005,-,0.02,0.157,0.002,0.258,-,0.45,-,0.0025,-,0.01,10.2,0.0001,-,0.002,0.001,0.003,0.342,0.001,4.02,0.011,0.00005,-,0.0012,0.001,-,0.005,-,-,-,-,-,-,-,-,-,-,-,-,-,2,6,1000,1,10,-,-,-,-,1,12100
6,3,2020-07-03,192,121,9,25.8,60.4,26.2,-,0,-,7.58,78,1,78,7.77,3.3,0.01,0.12,5,0.002,0.005,0.005,0.005,-,0.02,0.052,0.001,0.12,-,0.34,-,0.0025,-,0.02,15.5,0.0001,-,0.002,0.001,0.002,0.304,0.001,5.24,0.045,0.00005,-,0.0005,0.001,-,0.005,-,-,-,-,-,-,-,-,-,-,-,-,-,2,7,1000,1,10,-,-,-,-,1,12100
6,3,2020-08-04,176,124,12,27.4,55,27,-,0,-,7.3,62,1,62,7.44,0.9,0.02,0.1,11,0.002,0.005,0.005,0.005,-,0.02,0.225,0.001,0.056,-,2.4,-,0.005,-,0.005,15.2,0.0002,-,0.005,0.001,0.006,1.42,0.001,4.15,0.033,0.00005,-,0.005,0.0004,-,0.005,-,-,-,-,-,-,-,-,-,-,-,-,-,2,10,1,0.001,0.01,-,-,-,-,6300,17000
6,3,2020-09-02,181,127,5,6.9,69,30.4,-,0,-,7.83,68,7,61,8.42,1.7,0.02,0.07,5,0.002,0.005,0.005,0.005,-,0.06,0.066,0.001,0.037,-,0.018,-,0.005,-,0.034,19.5,0.0001,-,0.005,0.001,0.005,0.03,0.001,4.88,0.005,0.00005,-,0.005,0.0001,-,0.005,-,-,-,-,-,-,-,-,-,-,-,-,-,2,10,1,0.001,0.01,-,-,-,-,4600,7000
6,3,2020-10-05,159,112,13,39.4,54,29.5,-,0,-,7.76,55,1,55,7.17,4.1,0.04,0.1,10,0.002,0.005,0.005,0.005,-,0.03,1.05,0.011,0.023,-,4.99,-,0.005,-,0.006,13.5,0.0001,-,0.005,0.001,0.008,2.1,0.002,5.04,0.017,0.00005,-,0.005,0.0001,-,0.005,-,-,-,-,-,-,-,-,-,-,-,-,-,2,10,1,0.001,0.01,-,-,-,-,4900,11000
6,3,2020-11-02,197,138,1,6.6,58,29.3,-,0.1,-,7.35,91,1,91,7.38,2.7,0.02,0.14,5,0.002,0.005,0.005,0.005,-,0.05,0.118,0.006,0.043,-,0.063,-,0.006,-,0.182,15.2,0.0001,-,0.005,0.001,0.005,0.4,0.001,4.96,0.007,0.00005,-,0.005,0.0001,-,0.005,-,-,-,-,-,-,-,-,-,-,-,-,-,2,10,1,0.001,0.01,-,-,-,-,1300,7900
6,3,2020-12-03,114,81,8,29.2,45,29.4,-,0.1,-,8,51,1,51,7.98,0.9,0.02,0.05,5,0.002,0.005,0.005,0.005,-,0.02,0.081,0.001,0.063,-,2.1,-,0.005,-,0.014,11.9,0.0001,-,0.005,0.001,0.007,1.16,0.001,3.79,0.007,0.00005,-,0.005,0.0001,-,0.005,-,-,-,-,-,-,-,-,-,-,-,-,-,2,10,1,0.001,0.01,-,-,-,-,3300,7900
6,3,2021-01-05,149,104,2,0,43,0.1,-,0.28,-,7.82,76,1,76,8.23,1.2,0.02,0.06,5,0.002,0.005,0.005,0.005,-,0.02,0.005,0.001,0.057,-,0.013,-,0.005,-,0.075,12.1,0.0001,-,0.005,0.001,0.005,0.02,0.001,3.21,0.005,0.00005,-,0.005,0.0001,-,0.005,-,-,-,-,-,-,-,-,-,-,-,-,-,2,10,1,0.001,0.01,-,-,-,-,1100,35000
6,3,2021-02-03,128,90,15,24,46,29.1,-,0,-,7.88,65,1,65,7.85,1.3,0.02,0.07,5,0.002,0.005,0.005,0.005,-,0.02,0.016,0.001,0.051,-,0.588,-,0.005,-,0.042,12.1,0.0001,-,0.005,0.001,0.005,0.22,0.001,3.75,0.005,0.00005,-,0.005,0.0001,-,0.005,-,-,-,-,-,-,-,-,-,-,-,-,-,2,10,1,0.001,0.01,-,-,-,-,3300,11000
6,3,2021-03-03,132,93,1,11.4,51,27,-,0.1,-,8.29,55,1,55,8.04,1,0.02,0.06,5,0.002,0.005,0.005,0.005,-,0.03,0.005,0.001,0.022,-,0.509,-,0.005,-,0.025,13.8,0.0001,-,0.005,0.001,0.005,0.23,0.001,3.89,0.005,0.00005,-,0.005,0.0001,-,0.005,-,-,-,-,-,-,-,-,-,-,-,-,-,2,10,1,0.001,0.01,-,-,-,-,1400,4900
6,3,2021-04-05,154,108,2,11.6,48,29.5,-,0,-,7.51,56,1,56,7.92,2.3,0.02,0.06,5,0.002,0.005,0.005,0.005,-,0.03,0.039,0.001,0.043,-,0.233,-,0.005,-,0.01,12.7,0.0001,-,0.005,0.001,0.005,0.19,0.001,4.02,0.005,0.00005,-,0.005,0.0001,-,0.005,-,-,-,-,-,-,-,-,-,-,-,-,-,2,10,1,0.001,0.01,-,-,-,-,1700,7900
6,3,2021-05-03,116,60,5,27.2,39,28.6,33,0.1,-,8.1,48,1,48,7.7,3,0.02,0.06,5,0.002,0.005,0.005,0.005,-,0.04,0.045,0.001,0.064,1,0.464,-,0.005,-,0.005,10.8,0.0001,-,0.005,0.001,0.005,0.88,0.001,2.95,0.01,0.00005,-,0.005,0.0001,-,0.005,-,-,-,-,-,-,-,-,-,-,-,-,-,2,10,1,0.001,0.01,0.00001,0.00001,0.00001,7000,-,35000
6,3,2021-06-09,151,106,1,0,59,29.2,10,0.1,-,8.13,22,1,22,8.07,17.2,0.02,0.05,7,0.002,0.005,0.005,0.005,-,0.03,0.198,0.001,0.021,1,0.085,-,0.005,-,0.012,14.5,0.0001,-,0.005,0.001,0.015,0.06,0.001,5.5,0.005,0.00005,0.001,0.005,0.0001,-,0.005,-,-,-,-,-,-,-,-,-,-,-,-,-,2,10,1,0.001,0.01,0.00001,0.00001,0.00001,3300,-,28000
6,3,2021-07-07,129,91,1,2.8,76,26.7,6,0.1,-,8.24,31,1,31,8.07,0.5,0.02,0.3,5,0.002,0.005,0.005,0.005,-,0.03,0.042,0.001,0.08,1,0.01,-,0.005,-,0.005,17.6,0.0004,-,0.005,0.001,0.005,0.02,0.005,7.74,0.053,0.005,0.001,0.005,0.0012,-,0.005,-,-,-,-,-,-,-,-,-,-,-,-,-,2,10,1,0.001,0.01,0.00001,0.00001,0.00001,2400,-,13000
6,3,2021-08-06,126,88,11,6.4,51,28.8,10,0.1,-,8.22,51,1,51,8.23,3.4,0.02,0.03,5,0.002,0.005,0.005,0.005,-,0.05,0.173,0.001,0.066,1,0.137,-,0.005,-,0.007,13,0.0001,-,0.005,0.001,0.005,0.12,0.001,4.42,0.005,0.00005,0.001,0.005,0.0001,-,0.006,-,-,-,-,-,-,-,-,-,-,-,-,-,2,10,1,0.001,0.01,0.00001,0.00001,0.00001,700,-,2200
6,3,2021-09-01,142,100,1,1.5,66,28.7,14,0.1,-,8.13,51,24,27,8.39,0.5,0.02,0.05,5,0.002,0.005,0.005,0.005,-,0.02,0.037,0.001,0.055,1,0.033,-,0.005,-,0.014,17.5,0.0001,-,0.005,0.001,0.005,0.04,0.001,5.36,0.005,0.00005,0.001,0.005,0.0021,-,0.005,-,-,-,-,-,-,-,-,-,-,-,-,-,2,10,1,0.001,0.01,0.00001,0.00001,0.00001,1400,-,3300
6,3,2021-10-05,142,100,1,3.4,74,30,6,0.1,-,8.12,65,1,65,8.28,0.5,0.02,0.06,5,0.002,0.005,0.005,0.005,-,0.05,0.018,0.001,0.041,1,0.01,-,0.005,-,0.011,19.1,0.0001,-,0.005,0.001,0.02,0.08,0.001,6.39,0.005,0.00005,0.001,0.005,0.001,-,0.005,-,-,-,-,-,-,-,-,-,-,-,-,-,2,10,1,0.001,0.01,0.01,0.01,0.01,330,-,2800
6,3,2021-11-02,115,81,7,13.6,46,28.5,70,0.1,-,8.18,45,1,45,8.09,0.5,0.02,0.06,5,0.002,0.005,0.005,0.005,-,0.03,0.017,0.003,0.017,1,0.122,-,0.005,-,0.019,13.7,0.0001,-,0.005,0.001,0.005,0.39,0.001,2.8,0.005,0.00005,0.001,0.005,0.0062,-,0.005,-,-,-,-,-,-,-,-,-,-,-,-,-,2,10,1,0.001,0.01,0.01,0.01,0.01,490,-,3300
6,3,2021-12-02,119,84,1,3.8,49,28.7,27,0.1,-,8.13,58,1,58,7.9,1,0.02,0.06,5,0.002,0.005,0.005,0.005,-,0.06,0.016,0.002,0.031,1,0.037,-,0.005,-,0.008,12.8,0.0001,-,0.005,0.001,0.006,0.11,0.001,4.21,0.005,0.00005,0.001,0.005,0.0011,-,0.006,-,-,-,-,-,-,-,-,-,-,-,-,-,2,10,1,0.024,0.01,0.01,0.01,0.01,3300,-,7900
6,3,2022-01-04,107,76,1,17.4,38,26.8,26,0.1,-,8.21,42,1,42,7.84,2.4,0.02,0.03,5,0.002,0.005,0.005,0.005,-,0.17,0.148,0.007,0.03,1,0.92,-,0.005,-,0.028,9.28,0.0001,-,0.005,0.001,0.005,0.36,0.001,3.72,0.005,0.00005,0.001,0.005,0.0003,-,0.005,-,-,-,-,-,-,-,-,-,-,-,-,-,2,10,1,0.001,0.01,0.01,0.01,0.01,1100,-,17000
6,3,2022-02-03,128,90,1,9.1,46,26.1,24,0.1,-,8.27,58,1,58,8.19,0.5,0.02,0.04,5,0.002,0.005,0.005,0.005,-,0.09,0.066,0.001,0.03,1,0.016,-,0.005,-,0.005,13.4,0.0001,-,0.005,0.001,0.005,0.09,0.001,3.13,0.005,0.00005,0.001,0.005,0.0023,-,0.005,-,-,-,-,-,-,-,-,-,-,-,-,-,2,10,1,0.001,0.01,0.01,0.01,0.01,2400,-,22000
6,3,2022-03-02,104,74,38,40.3,32,26.8,16,0.1,-,8.12,44,1,44,7.83,0.5,0.02,0.06,5,0.002,0.005,0.005,0.005,-,0.14,0.119,0.001,0.046,0.9,0.166,-,0.005,-,0.085,7.3,0.0001,-,0.005,0.001,0.005,0.7,0.002,3.45,0.005,0.00005,0.001,0.005,0.0001,-,0.005,-,-,-,-,-,-,-,-,-,-,-,-,-,2,10,1,0.001,0.01,0.01,0.01,0.01,28000,-,92000
6,3,2022-04-01,122,86,2,0,41,28.7,14,0.1,-,7.8,55,1,55,7.85,0.5,0.02,0.07,5,0.002,0.005,0.005,0.005,-,0.04,0.076,0.001,0.033,0.5,0.038,-,0.005,-,0.011,11,0.0001,-,0.005,0.001,0.005,0.14,0.001,3.27,0.005,0.00005,0.001,0.005,0.0001,-,0.005,-,-,-,-,-,-,-,-,-,-,-,-,-,2,10,1,0.001,0.02,0.01,0.01,0.01,4900,-,35000
6,3,2022-05-05,138,97,1,0.7,31,26.7,10,0.1,-,7.86,51,1,51,8.06,0.7,0.02,0.08,6,0.002,0.005,0.005,0.005,-,0.04,0.064,0.001,0.039,0.7,0.005,-,0.005,-,0.005,8.9,0.0001,-,0.005,0.001,0.005,0.02,0.001,2.1,0.005,0.00005,0.001,0.005,0.0002,-,0.005,-,-,-,-,-,-,-,-,-,-,-,-,-,2,10,1,0.001,0.01,0.01,0.01,0.01,2100,-,160000
6,3,2022-06-02,149,105,2,4.8,65,29,14,0.1,-,8.28,58,1,58,7.35,1.1,0.02,0.05,5,0.002,0.005,0.005,0.005,-,0.03,0.05,0.001,0.023,1,0.005,-,0.005,-,0.005,15.4,0.0001,-,0.005,0.001,0.005,0.06,0.001,6.54,0.005,0.00005,0.001,0.005,0.0005,-,0.005,-,-,-,-,-,-,-,-,-,-,-,-,-,2,10,1,0.001,0.01,0.01,0.01,0.01,790,-,3300
6,3,2022-07-05,155,109,2,0,75,27.7,12,0.1,-,7.79,66,1,66,7.98,1,0.02,0.07,6,0.002,0.005,0.005,0.005,-,0.02,0.022,0.002,0.035,0.9,0.037,-,0.005,-,0.06,19.6,0.0001,-,0.005,0.001,0.006,0.1,0.001,6.32,0.005,0.00005,0.001,0.005,0.0009,-,0.005,-,-,-,-,-,-,-,-,-,-,-,-,-,2,10,1,0.001,0.01,0.01,0.01,0.01,4900,-,4900
6,3,2022-08-04,158,111,1,0,55,26.3,6,0.1,-,7.73,67,1,67,7.96,1.1,0.02,0.05,7,0.002,0.005,0.005,0.005,-,0.07,0.038,0.002,0.036,1.2,0.026,-,0.005,-,0.058,13.2,0.0001,-,0.005,0.001,0.006,0.07,0.001,5.45,0.006,0.00005,0.001,0.005,0.0011,-,0.005,-,-,-,-,-,-,-,-,-,-,-,-,-,2,10,1,0.001,0.01,0.01,0.01,0.01,2400,-,7000
6,3,2022-09-06,149,107,1,0,61,27.8,11,0.1,-,6.79,71,1,71,8.05,1.1,0.02,0.05,5,0.002,0.005,0.005,0.005,-,0.05,0.021,0.001,0.138,0.5,0.07,-,0.005,-,0.022,15.9,0.0001,-,0.005,0.001,0.005,0.06,0.001,5.14,0.005,0.00005,0.001,0.005,0.0001,-,0.005,-,-,-,-,-,-,-,-,-,-,-,-,-,2,10,1,0.001,0.01,0.01,0.01,0.01,13000,-,13000
6,3,2022-10-04,72,154,108,1,62,26.5,9,0.1,-,8.24,72,1,72,8.09,1,0.02,0.05,5,0.002,0.005,0.005,0.005,-,0.07,0.017,0.001,0.047,0.5,0.047,-,0.005,-,0.025,16.3,0.0001,-,0.005,0.001,0.007,0.06,0.001,5.25,0.005,0.00005,0.001,0.005,0.0001,-,0.005,-,-,-,-,-,-,-,-,-,-,-,-,-,2,10,1,0.001,0.01,0.01,0.01,0.01,700,-,2100
6,3,2022-11-01,117,82,1,15.3,38,28.4,15,0.1,-,7.89,53,1,53,7.81,0.5,0.03,0.06,5,0.002,0.005,0.005,0.005,-,0.09,0.093,0.002,0.021,1.2,0.875,-,0.005,-,0.012,8.5,0.0001,-,0.005,0.001,0.005,0.41,0.001,3.97,0.005,0.00005,0.001,0.005,0.0001,-,0.005,-,-,-,-,-,-,-,-,-,-,-,-,-,2,10,1,0.001,0.01,0.01,0.01,0.01,1100,-,16000
