standard_id,user_id,codesample_id,date,start_time,stop_time,tss,ph,do,orp,conductivity,tds,temperatur,salinity,turbidity,tl_wall,tl_tsf,water_condition,water_color,odor,rain,rain_during_sampling,oil_layer,source_pollution,sampler,cyanide,level,lvl_lgr,debit_s,debit_d,remarks
7,1,24,2021-02-15,8:42,8:44,8,7.54,7.3,108,196,127,25.1,0.1,7.6,-,-,Surut,Normal,Normal,Ada,TidaK,Tidak,Plantation,BK/NB,-,-,-,-,-,-
7,1,24,2021-02-16,8:53,8:55,1,7.3,6.89,175,170,129,25.8,0.1,22.8,-,-,Surut,Normal,Normal,Ada,TidaK,Tidak,Plantation,RT/NB,-,-,-,-,-,-
7,1,24,2021-02-17,8:25,8:27,14,7.65,7.54,185,215,135,27.6,0.1,13.2,-,-,Surut,Normal,Normal,Tidak,TidaK,Tidak,Plantation,RT/BK,-,-,-,-,-,-
7,1,24,2021-02-18,8:10,8:12,58,7.45,7.5,155,165,103,28.7,0.9,156,-,-,Surut,Keruh,Normal,Ada,Ada,Tidak,Plantation,RT/JK,-,-,-,-,-,-
7,1,24,2021-02-19,8:45,8:47,22,7.32,7.32,142,159,100,27.8,0,21.8,-,-,Surut,normal,Normal,Tidak,Tidak,Tidak,Plantation,RT/JK,-,-,-,-,-,-
7,1,24,2021-02-20,13:50,13:52,8,7.34,7.15,160,158,99,27.8,0,12.4,-,-,Surut,Normal,Normal,Tidak,TidaK,Tidak,Plantation,RT,-,-,-,-,-,-
7,1,24,2021-02-21,7:50,7:52,4,7.36,7.29,192,189,122,25.2,0,3,-,-,Surut,Normal,Normal,Tidak,TidaK,Tidak,Plantation,FP,-,-,-,-,-,-
7,1,24,2021-02-22,9:37,9:39,7,7.52,7.5,182,187,119,26.9,0.1,7.9,-,-,Surut,Normal,Normal,Tidak,TidaK,Tidak,Plantation,FP/BK,-,-,-,-,-,-
7,1,24,2021-02-23,8:37,8:39,4,7.47,7.26,162,153,97,26.4,0.1,3.9,-,-,Surut,Normal,Normal,Tidak,TidaK,Tidak,Plantation,RT/FP/BK,-,-,-,-,-,-
7,1,24,2021-02-24,8:34,8:36,7,7.29,7.28,137,158,99,26.4,0,4.8,-,-,Surut,Normal,Normal,Tidak,TidaK,Tidak,Plantation,RT/BK,-,-,-,-,-,-
7,1,24,2021-02-25,8:48,8:50,6,7.37,7.23,179,156,104,26.4,0.1,2.6,-,-,Surut,Normal,Normal,Tidak,TidaK,Tidak,Plantation,FP/JK,-,-,-,-,-,-
7,1,24,2021-02-26,7:56,7:58,5,7.31,7.27,179,162,114,26.2,0.1,3.6,-,-,Surut,Normal,Normal,Tidak,TidaK,Tidak,Plantation,FP/BK,-,-,-,-,-,-
7,1,24,2021-02-27,8:09,8:11,5,7.59,7.42,170,149,97,25.8,0.1,6.3,-,-,Surut,Normal,Normal,Ada,TidaK,Tidak,Plantation,FP/BK,-,-,-,-,-,-
7,1,24,2021-02-28,8:35,8:37,5,7.29,7.19,155,173,108,26.5,0,4.3,-,-,Surut,Normal,Normal,Tidak,TidaK,Tidak,Aktivitas Pit,RT,-,-,-,-,-,-
7,1,24,2021-03-01,13:12,13:14,9,7.1,7.1,139,225,146,27.9,0,8.3,-,-,Surut,Normal,Normal,Ada,Ada,Tidak,Plantation,BK/FR,-,-,-,-,-,-
7,1,24,2021-03-02,10:04,10:06,8,7.26,7.29,182,173,112,26.5,0,8.2,-,-,Surut,Normal,Normal,Ada,TidaK,Tidak,Jungle,RT/FP,-,-,-,-,-,-
7,1,24,2021-03-03,9:02,9:04,9,7.29,7.14,167,156,98,26.3,0.1,7.2,-,-,Surut,Normal,Normal,Ada,TidaK,Tidak,Plantation,FP/JK,-,-,-,-,-,-
7,1,24,2021-03-04,8:38,8:40,24,7.22,7.17,189,184,119,24.9,0.1,18.5,-,-,Surut,Agak Keruh,Normal,Ada,Ada,Tidak,Plantation,NB/JK,-,-,-,-,-,-
7,1,24,2021-03-05,8:28,8:30,147,7.2,7.38,167,174,114,25.6,0.1,144,-,-,Surut,Keruh,Normal,Ada,TidaK,Tidak,Plantation,FP/NB/PP,-,-,-,-,-,-
7,1,24,2021-03-06,8:12,8:14,129,7.34,7.24,169,194,126,24.9,0.1,140,-,-,Surut,Keruh,Normal,Ada,Ada,Tidak,Alaskar,FP/NB,-,-,-,-,-,-
7,1,24,2021-03-07,12:00,12:02,14,7.59,7.4,182,190,124,28.3,0.2,18.3,-,-,Surut,Normal,Normal,Ada,TidaK,Tidak,Alaskar,FR/PP,-,-,-,-,-,-
7,1,24,2021-03-08,12:18,12:20,12,7.31,7.15,158,166,104,25.8,0,12.1,-,-,Surut,Normal,Normal,Tidak,TidaK,Tidak,Plantation,RT/FR/PP,-,-,-,-,-,-
7,1,24,2021-03-09,9:05,9:07,12,7.13,7.23,189,187,120,26.4,0.1,19.4,-,-,Surut,Agak Keruh,Normal,Ada,TidaK,Tidak,Alaskar,FP/NB,-,-,-,-,-,-
7,1,24,2021-03-10,8:50,8:52,7,7.39,7.1,173,170,110,26.5,0.1,7.4,-,-,Surut,Normal,Normal,Tidak,TidaK,Tidak,Plantation,FP/JK,-,-,-,-,-,-
7,1,24,2021-03-11,8:06,8:08,6,7.33,7.06,175,189,129,25.8,0.1,8.3,-,-,Surut,Normal,Normal,Ada,TidaK,Tidak,Alaskar,NB/JK,-,-,-,-,-,-
7,1,24,2021-03-12,8:07,8:09,14,7.34,7.1,175,183,119,25.1,0.1,13.4,-,-,Surut,Agak Keruh,Normal,Ada,TidaK,Tidak,Alaskar,NB/JK,-,-,-,-,-,-
7,1,24,2021-03-13,8:16,8:18,29,7.54,7.44,180,175,114,26.5,0.1,28.5,-,-,Surut,Keruh,Normal,Ada,TidaK,Tidak,Alaskar,NB/FP/BK,-,-,-,-,-,-
7,1,24,2021-03-14,15:01,15:03,12,7.38,7.24,176,160,104,30.4,0.2,14.7,-,-,Surut,Normal,Normal,Ada,TidaK,Tidak,Alaskar,RT/FR,-,-,-,-,-,-
7,1,24,2021-03-15,9:00,9:02,13,7.38,7.35,189,178,112,26,0,12.5,-,-,Surut,Normal,Normal,Ada,TidaK,Tidak,Mining act,BK/RT/FR,-,-,-,-,-,-
7,1,24,2021-03-16,8:46,8:48,7,7.56,7.33,169,178,116,26.8,0.1,7.5,-,-,Surut,Normal,Normal,Tidak,TidaK,Tidak,Alaskar,NB/FP,-,-,-,-,-,-
7,1,24,2021-03-17,8:27,8:29,11,7.43,7.21,176,195,127,26.3,0.1,12.3,-,-,Surut,Normal,Normal,Tidak,TidaK,Tidak,Alaskar,NB/FP,-,-,-,-,-,-
7,1,24,2021-03-18,8:58,9:00,6,7.36,7.25,167,174,113,27.1,0.1,6.1,-,-,Surut,Normal,Normal,Tidak,TidaK,Tidak,WQ14D,NB/FP/FR,-,-,-,-,-,-
7,1,24,2021-03-19,8:34,8:36,19,7.31,7.57,177,186,121,26.7,0.1,19.3,-,-,Surut,Agak Keruh,Normal,Ada,TidaK,Tidak,"WQ14C,Alaskar",NB/FP,-,-,-,-,-,-
7,1,24,2021-03-20,8:25,8:27,11,7.3,7.22,174,176,114,25.9,0.1,10.4,-,-,Surut,Normal,Normal,Tidak,TidaK,Tidak,Alaskar,NB/FP,-,-,-,-,-,-
7,1,24,2021-03-21,10:36,10:38,9,7.34,7.09,162,170,107,25.9,0,8.3,-,-,Surut,Normal,Normal,Tidak,TidaK,Tidak,Alaskar,RT/FR,-,-,-,-,-,-
7,1,24,2021-03-22,8:54,8:56,9,7.26,7.31,158,172,108,27.1,0,9.5,-,-,Surut,Normal,Normal,Tidak,TidaK,Tidak,Eksplorasi,RT/FR/PP,-,-,-,-,-,-
7,1,24,2021-03-23,8:41,8:43,780,7.18,7.47,172,155,101,26.9,0.1,792,-,-,Surut,Keruh,Normal,Ada,TidaK,Tidak,"WQ14,Alaskar",NB,-,-,-,-,-,-
7,1,24,2021-03-24,8:28,8:30,183,7.35,7.22,171,175,114,26.1,0.1,185,-,-,Surut,Keruh,Normal,Ada,TidaK,Tidak,"WQ14C,Alaskar",NB/JK/RT,-,-,-,-,-,-
7,1,24,2021-03-25,9:06,9:08,212,7.42,7.6,170,183,118,26.8,0.1,214,-,-,Surut,Keruh,Normal,Ada,TidaK,Tidak,"WQ14C,Alaskar",NB/JK/RT,-,-,-,-,-,-
7,1,24,2021-03-26,9:11,9:13,151,7.08,7.38,174,180,117,26.7,0.1,154,-,-,Pasang,Keruh,Normal,Ada,Ada,Tidak,"WQ14C,Alaskar",NB/JK,-,-,-,-,-,-
7,1,24,2021-03-27,9:18,9:20,44,7.06,7.31,183,186,120,25.9,0.1,48.3,-,-,Surut,Keruh,Normal,Ada,TidaK,Tidak,"WQ14C,Alaskar",NB/FP,-,-,-,-,-,-
7,1,24,2021-03-28,8:25,8:27,71,7.36,7.34,176,158,99,26.4,0,86.1,-,-,Surut,Keruh,Normal,Ada,TidaK,Tidak,"WQ14C,Alaskar",FR/BK/RT,-,-,-,-,-,-
7,1,24,2021-03-29,10:40,10:42,20,7.19,7.19,168,174,112,28.3,0,20.1,-,-,Surut,Agak Keruh,Normal,Tidak,TidaK,Tidak,Mining act,RT/JK/FR,-,-,-,-,-,-
7,1,24,2021-03-30,9:10,9:12,23,7.28,7.15,159,172,111,26.4,0,24.1,-,-,Surut,Keruh,Normal,Tidak,TidaK,Tidak,Eksplorasi,RT/NB/FR,-,-,-,-,-,-
7,1,24,2021-03-31,9:11,9:13,11,7.35,7.56,170,173,112,28.5,0.1,11.5,-,-,Surut,Agak Keruh,Normal,Ada,TidaK,Tidak,Alaskar,JK/FR,-,-,-,-,-,-
7,1,24,2021-04-01,10:52,10:54,73,7.21,7.23,176,180,117,26.6,0.1,70.5,-,-,Surut,Keruh,Normal,Ada,TidaK,Tidak,Alaskar,NB/FP/PP,-,-,-,-,-,-
7,1,24,2021-04-02,10:53,10:55,77,7.28,7.5,175,178,116,29.4,0.1,79.2,-,-,Surut,Keruh,Normal,Tidak,TidaK,Tidak,Alaskar,JK/HM,-,-,-,-,-,-
7,1,24,2021-04-03,9:01,9:03,44,7.33,7.28,166,182,118,27.8,0.1,39.9,-,-,Surut,Agak Keruh,Normal,Ada,TidaK,Tidak,Alaskar,FP/PP,-,-,-,-,-,-
7,1,24,2021-04-04,9:00,9:02,15,7.3,7.1,198,176,110,27.9,0,18.6,-,-,Surut,Normal,Normal,Tidak,TidaK,Tidak,Alaskar,FR/RT/PP,-,-,-,-,-,-
7,1,24,2021-04-05,11:02,11:04,10,7.28,7.34,193,169,106,27.5,0,11.5,-,-,Surut,Normal,Normal,Tidak,TidaK,Tidak,Alaskar,RT,-,-,-,-,-,-
7,1,24,2021-04-06,7:09,7:11,11,7.18,7.15,158,169,109,25.5,0,11.8,-,-,Surut,Normal,Normal,Tidak,TidaK,Tidak,Alaskar,RT/FR/JK,-,-,-,-,-,-
7,1,24,2021-04-07,8:39,8:40,12,7.33,7.14,178,183,119,27,0.1,11.2,-,-,Surut,Normal,Normal,Ada,TidaK,Tidak,"WQ14C,Alaskar",NB/FP,-,-,-,-,-,-
7,1,24,2021-04-08,9:21,9:23,9,7.22,7.03,187,183,119,26.9,0.1,8.5,-,-,Surut,Normal,Normal,Ada,TidaK,Tidak,"WQ14C,Alaskar",NB/FP,-,-,-,-,-,-
7,1,24,2021-04-09,9:21,9:23,46,7.28,7.34,164,170,110,26.7,0.1,41.4,-,-,Surut,Keruh,Normal,Ada,TidaK,Tidak,"WQ14C,Alaskar",NB/FP,-,-,-,-,-,-
7,1,24,2021-04-10,9:13,9:15,112,7.52,7.33,176,194,126,27.2,0.1,106,-,-,Surut,Keruh,Normal,Ada,TidaK,Tidak,"WQ14C,Alaskar",NB/FP,-,-,-,-,-,-
7,1,24,2021-04-11,8:30,8:32,70,7.38,7.29,168,172,107,25.7,0.2,51,-,-,Pasang,Keruh,Normal,Ada,TidaK,Tidak,"WQ14C,Alaskar",BK/RT,-,-,-,-,-,-
7,1,24,2021-04-12,9:11,9:13,43,7.3,7.19,146,170,107,26.6,0,58.6,-,-,Surut,Keruh,Normal,Tidak,TidaK,Tidak,"WQ14C,Alaskar",BK/RT,-,-,-,-,-,-
7,1,24,2021-04-13,9:15,9:17,69,6.97,7.21,149,168,109,28,0.1,72.8,-,-,Surut,Keruh,Normal,Ada,TidaK,Tidak,"WQ14C,Alaskar",FP/JK,-,-,-,-,-,-
7,1,24,2021-04-14,9:16,9:18,61,7.52,7.48,158,159,103,28.2,0.1,62.8,-,-,Surut,Keruh,Normal,Ada,TidaK,Tidak,"WQ14C,Alaskar",RT/JK,-,-,-,-,-,-
7,1,24,2021-04-15,8:36,8:38,67,7.31,7.19,149,192,120,28.2,0.1,67.8,-,-,Surut,Keruh,Normal,Ada,TidaK,Tidak,Alaskar,NB/FP,-,-,-,-,-,-
7,1,24,2021-04-16,9:40,9:42,34,7.21,7.4,174,184,119,27,0.1,34.5,-,-,Surut,Keruh,Normal,Ada,TidaK,Tidak,Alaskar,NB/FP,-,-,-,-,-,-
7,1,24,2021-04-17,9:10,9:12,22,7.39,7.34,159,193,120,28.9,0.1,26.7,-,-,Surut,Agak Keruh,Normal,Tidak,TidaK,Tidak,Alaskar,FP/PP/FK,-,-,-,-,-,-
7,1,24,2021-04-18,9:10,9:12,13,7.36,7.28,138,170,107,26.3,0,15.8,-,-,Surut,Normal,Normal,Tidak,TidaK,Tidak,Alaskar,RT,-,-,-,-,-,-
7,1,24,2021-04-19,11:15,11:17,18,7.27,7.29,144,170,107,27,0,18.1,-,-,Surut,Agak Keruh,Normal,Tidak,TidaK,Tidak,Alaskar,RT/BK,-,-,-,-,-,-
7,1,24,2021-04-20,10:46,10:48,10,7.26,7.18,206,159,100,28.9,0,10.5,-,-,Surut,Normal,Normal,Tidak,TidaK,Tidak,Alaskar,RT/FP,-,-,-,-,-,-
7,1,24,2021-04-21,11:00,11:12,14,7.29,7.28,168,187,119,29.6,0.1,10.9,-,-,Surut,Normal,Normal,Tidak,TidaK,Tidak,Alaskar,RT/FP,-,-,-,-,-,-
7,1,24,2021-04-22,10:39,10:41,20,7.4,7.34,183,188,122,26.6,0.1,19.4,-,-,Surut,Agak Keruh,Normal,Tidak,TidaK,Tidak,Alaskar,NB/FP,-,-,-,-,-,-
7,1,24,2021-04-23,10:13,10:15,8,7.3,7.25,185,188,122,26.8,0.1,8.7,-,-,Surut,Normal,Normal,Ada,TidaK,Tidak,Alaskar,NB/FP,-,-,-,-,-,-
7,1,24,2021-04-24,9:34,9:36,17,7.51,7.31,195,183,118,26.7,0.1,18.5,-,-,Surut,Agak Keruh,Normal,Ada,TidaK,Tidak,Alaskar,NB/BK,-,-,-,-,-,-
7,1,24,2021-04-25,8:26,8:28,7,7.44,7.29,169,161,104,26.5,0.1,7.2,-,-,Surut,Normal,Normal,Tidak,TidaK,Tidak,Alaskar,BK/FR,-,-,-,-,-,-
7,1,24,2021-04-26,10:51,10:53,17,7.42,7.15,234,188,118,26.7,0,18.6,-,-,Surut,Agak Keruh,Normal,Tidak,TidaK,Tidak,Alaskar,BK/RT/FR,-,-,-,-,-,-
7,1,24,2021-04-27,10:46,10:48,12,7.28,7.23,184,189,119,30.4,0.1,10.2,-,-,Surut,Normal,Normal,Tidak,TidaK,Tidak,Alaskar,BK/FP,-,-,-,-,-,-
7,1,24,2021-04-28,11:22,11:24,9,7.52,7.57,251,172,111,30.7,0.9,11.8,-,-,Surut,Normal,Normal,Tidak,TidaK,Tidak,Alaskar,BK/FP,-,-,-,-,-,-
7,1,24,2021-04-29,9:38,9:40,32,7.69,8.23,205,193,126,28.2,0.1,31.6,-,-,Surut,Agak Keruh,Normal,Tidak,TidaK,Tidak,Alaskar,FP/FK,-,-,-,-,-,-
7,1,24,2021-04-30,9:27,9:29,18,7.68,7.22,216,197,122,29.2,0.1,19.3,-,-,Surut,Normal,Normal,Ada,TidaK,Tidak,Alaskar,FP/JK,-,-,-,-,-,-
7,1,24,2021-05-01,9:20,9:22,9,7.53,7.41,189,195,126,27.7,0.1,15.6,-,-,Surut,Normal,Normal,Tidak,TidaK,Tidak,Alaskar,RT/FR,-,-,-,-,-,-
7,1,24,2021-05-02,9:22,9:24,10,7.26,7.2,210,178,112,27.8,0,13.4,-,-,Surut,Normal,Normal,Tidak,TidaK,Tidak,Alaskar,RT/FR,-,-,-,-,-,-
7,1,24,2021-05-03,11:27,11:29,8,7.52,7.52,168,178,115,28.7,0.9,10.8,-,-,Surut,Normal,Normal,Tidak,TidaK,Tidak,Alaskar,FR/JK,-,-,-,-,-,-
7,1,24,2021-05-04,11:18,11:20,67,8.1,7.52,170,169,109,29.2,0.1,65,-,-,Surut,Keruh,Normal,Tidak,TidaK,Tidak,Alaskar,BK/FR/FK,-,-,-,-,-,-
7,1,24,2021-05-05,9:30,9:32,16,7.59,7.18,199,188,122,27.5,0.1,20.5,-,-,Surut,Keruh,Normal,Tidak,TidaK,Tidak,Alaskar,NB/FP,-,-,-,-,-,-
7,1,24,2021-05-06,15:59,16:01,31,7.47,7.5,176,185,120,27.6,0.1,30.5,-,-,Surut,Keruh,Normal,Ada,TidaK,Tidak,Alaskar,NB/JK,-,-,-,-,-,-
7,1,24,2021-05-07,9:31,9:33,139,7.67,7.56,185,148,116,25.6,0.1,148,-,-,Pasang,Keruh,Normal,Ada,TidaK,Tidak,Alaskar,BK/JK,-,-,-,-,-,-
7,1,24,2021-05-08,9:15,9:18,17,7.72,7.44,169,173,112,26.5,0.1,18.3,-,-,Surut,Agak Keruh,Normal,Tidak,TidaK,Tidak,Alaskar,FR/FK,-,-,-,-,-,-
7,1,24,2021-05-09,9:29,9:31,34,7.6,7.25,190,184,119,26.8,0.1,31.4,-,-,Surut,Keruh,Normal,Ada,TidaK,Tidak,Alaskar,NB/FP,-,-,-,-,-,-
7,1,24,2021-05-10,9:08,9:10,85,7.58,7.17,157,191,124,27.8,0.1,88,-,-,Surut,Keruh,Normal,Tidak,TidaK,Tidak,Alaskar,NB/BK/FP,-,-,-,-,-,-
7,1,24,2021-05-11,8:34,8:36,68,7.43,7.55,180,209,135,26.7,0.1,70.4,-,-,Surut,Keruh,Normal,Ada,TidaK,Tidak,Alaskar,NB/FR/RT,-,-,-,-,-,-
7,1,24,2021-05-12,9:26,9:28,50,7.34,7.31,194,189,122,27.7,0.1,48.7,-,-,Surut,Keruh,Normal,Ada,TidaK,Tidak,Alaskar,NB/RT,-,-,-,-,-,-
7,1,24,2021-05-13,9:44,9:46,20,7.55,7.21,197,190,123,27.1,0.1,21.8,-,-,Surut,Normal,Normal,Tidak,TidaK,Tidak,Alaskar,NB/FP,-,-,-,-,-,-
7,1,24,2021-05-14,8:50,8:52,21,7.71,7.18,148,196,127,26.2,0.1,18.7,-,-,Surut,Agak Keruh,Normal,Tidak,TidaK,Tidak,Alaskar,NB/BK/PP,-,-,-,-,-,-
7,1,24,2021-05-15,8:14,8:16,9,7.54,7.46,153,174,114,26.2,0.1,9.3,-,-,Surut,Normal,Normal,Tidak,TidaK,Tidak,Alaskar,BK/FR,-,-,-,-,-,-
7,1,24,2021-05-16,9:06,9:08,6,7.86,7.18,202,174,111,26.4,0.1,5.3,-,-,Surut,Normal,Normal,Ada,TidaK,Tidak,Alaskar,NB/BK/FP,-,-,-,-,-,-
7,1,24,2021-05-17,11:59,12:01,480,7.99,7.39,232,144,93,25.4,0.1,485,-,-,Pasang,Keruh,Normal,Ada,TidaK,Tidak,Alaskar,NB/BK/FP,-,-,-,-,-,-
7,1,24,2021-05-18,9:09,9:11,112,7.62,7.42,183,184,114,26.6,0.1,> 1000,-,-,Pasang,Keruh,Normal,Ada,Ada,Tidak,Alaskar,NB/FP,-,-,-,-,-,-
7,1,24,2021-05-19,9:20,9:22,58,7.81,7.55,250,180,113,27.5,0.1,66.1,-,-,Surut,Keruh,Normal,Ada,TidaK,Tidak,Alaskar,NB/JK/FK,-,-,-,-,-,-
7,1,24,2021-05-20,10:21,10:23,27,7.65,7.42,170,165,107,29.6,0.1,29.7,-,-,Surut,Agak Keruh,Normal,Tidak,TidaK,Tidak,Alaskar,FP/RT,-,-,-,-,-,-
7,1,24,2021-05-21,9:46,9:48,1390,8.15,7.98,211,160,104,26.8,0.1,> 1000,-,-,Pasang,Keruh,Normal,Ada,Ada,Tidak,Alaskar,BK/FK,-,-,-,-,-,-
7,1,24,2021-05-22,7:50,7:52,27,7.31,7.3,159,155,105,28.4,0,16.8,-,-,Surut,Agak Keruh,Normal,Tidak,TidaK,Tidak,Alaskar,RT/FK,-,-,-,-,-,-
7,1,24,2021-05-23,9:24,9:26,24,7.44,7.05,198,183,118,26.8,0.1,25.4,-,-,Surut,Agak Keruh,Normal,Ada,TidaK,Tidak,Alaskar,NB/JK,-,-,-,-,-,-
7,1,24,2021-05-24,9:32,9:34,31,7.58,7.56,169,168,109,28.2,0.1,32.8,-,-,Pasang,Keruh,Normal,Ada,TidaK,Tidak,Alaskar,BK/JK,-,-,-,-,-,-
7,1,24,2021-05-25,9:45,9:47,30,7.48,7.33,169,178,115,26.5,0.1,31.2,-,-,Surut,Agak Keruh,Normal,Tidak,TidaK,Tidak,Alaskar,BK/FR,-,-,-,-,-,-
7,1,24,2021-05-26,10:00,10:02,16,7.42,7.33,163,174,113,28.7,0.1,20.5,-,-,Surut,Agak Keruh,Normal,Ada,TidaK,Tidak,Alaskar,FR,-,-,-,-,-,-
7,1,24,2021-05-27,9:28,9:30,26,7.81,7.21,182,203,131,25.9,0.1,24.3,-,-,Surut,Agak Keruh,Normal,Tidak,TidaK,Tidak,Alaskar,BK/JK/FK,-,-,-,-,-,-
7,1,24,2021-05-28,13:11,13:13,36,8.14,7.2,241,196,123,29.2,0.1,38.2,-,-,Surut,Keruh,Normal,Tidak,TidaK,Tidak,Alaskar,BK/JK,-,-,-,-,-,-
7,1,24,2021-05-29,11:00,11:12,29,7.81,7.4,175,194,126,29.1,0.1,31.6,-,-,Surut,Agak Keruh,Normal,Tidak,TidaK,Tidak,Alaskar,BK/FR,-,-,-,-,-,-
7,1,24,2021-05-30,9:16,9:18,12,7.47,7.32,182,192,119,29.2,0.1,10.6,-,-,Surut,Normal,Normal,Ada,TidaK,Tidak,Alaskar,FP,-,-,-,-,-,-
7,1,24,2021-05-31,10:59,11:01,195,7.8,7.45,123,214,139,29.9,0.1,209,-,-,Surut,Keruh,Normal,Tidak,TidaK,Tidak,Alaskar,FP/JK,-,-,-,-,-,-
7,1,24,2021-06-01,9:35,9:37,106,7.98,7.14,161,213,138,27.9,0.1,124,-,-,Surut,Keruh,Normal,Ada,TidaK,Tidak,Alaskar,BK/FR,-,-,-,-,-,-
7,1,24,2021-06-02,13:20,13:22,166,7.78,7.55,189,229,149,30.2,0.1,165,-,-,Surut,Keruh,Normal,Tidak,TidaK,Tidak,Alaskar,BK/JK,-,-,-,-,-,-
7,1,24,2021-06-03,13:11,13:13,141,7.58,7.18,229,334,217,30.9,0.1,146,-,-,Surut,Keruh,Normal,Tidak,TidaK,Tidak,Alaskar,FP/FK/JK,-,-,-,-,-,-
7,1,24,2021-06-04,13:41,13:43,81,7.67,7.39,137,226,147,30.1,0.1,85.7,-,-,Surut,Keruh,Normal,Tidak,TidaK,Tidak,Alaskar,BK/JK,-,-,-,-,-,-
7,1,24,2021-06-05,12:25,12:27,126,7.16,7.1,119,228,148,31.5,0.1,132,-,-,Surut,Keruh,Normal,Tidak,TidaK,Tidak,Alaskar,FP/FK,-,-,-,-,-,-
7,1,24,2021-06-06,8:46,8:48,37,7.66,7.51,140,207,135,27.5,0.1,40.7,-,-,Surut,Agak Keruh,Normal,Tidak,TidaK,Tidak,Alaskar,NB/FP,-,-,-,-,-,-
7,1,24,2021-06-07,11:26,11:28,1040,7.1,7.2,190,216,138,29,0.1,> 1000,-,-,Surut,Keruh,Normal,Ada,TidaK,Tidak,Alaskar,BK/FP/NB,-,-,-,-,-,-
7,1,24,2021-06-08,11:22,11:24,100,7.33,7.6,137,225,145,30.5,0.1,116,-,-,Surut,Keruh,Normal,Ada,TidaK,Tidak,Alaskar,NB/FP/FR,-,-,-,-,-,-
7,1,24,2021-06-09,10:05,10:07,14,7.72,7.22,144,180,98,27.9,0.1,12.8,-,-,Surut,Normal,Normal,Tidak,TidaK,Tidak,Alaskar,RT/FR,-,-,-,-,-,-
7,1,24,2021-06-10,10:59,11:01,75,7.8,7.55,74,230,148,28.7,0.1,81.9,-,-,Surut,Agak Keruh,Normal,Ada,TidaK,Tidak,Alaskar,NB/FP,-,-,-,-,-,-
7,1,24,2021-06-11,11:23,11:25,36,7.49,7.09,172,196,127,29.7,0.1,38.7,-,-,Surut,Keruh,Normal,Tidak,TidaK,Tidak,Alaskar,RT/FR/PP,-,-,-,-,-,-
7,1,24,2021-06-12,8:13,8:15,26,7.39,7.1,166,184,115,27.5,0,24.2,-,-,Surut,Agak Keruh,Normal,Tidak,TidaK,Tidak,Alaskar,RT/FP,-,-,-,-,-,-
7,1,24,2021-06-13,9:13,9:15,518,7.8,7.22,161,260,122,27.1,0.1,547,-,-,Surut,Agak Keruh,Normal,Ada,TidaK,Tidak,Alaskar,NB/FP,-,-,-,-,-,-
7,1,24,2021-06-14,11:46,11:48,4910,7.55,7.55,144,116,75,26.3,0.1,504,-,-,Surut,Keruh,Normal,Ada,TidaK,Tidak,Alaskar,NB/FP,-,-,-,-,-,-
7,1,24,2021-06-15,8:32,8:34,3190,7.64,7.04,140,257,167,26.2,0.1,912,-,-,Surut,Keruh,Normal,Ada,TidaK,Tidak,Alaskar,NB/FP,-,-,-,-,-,-
7,1,24,2021-06-16,13:40,13:42,2020,7.68,7.55,139,243,157,30.5,0.1,>1000,-,-,Surut,Keruh,Normal,Tidak,TidaK,Tidak,Alaskar,BK/FR,-,-,-,-,-,-
7,1,24,2021-06-17,10:56,10:54,330,7.68,7.46,116,256,166,30.3,0.1,689,-,-,Surut,Keruh,Normal,Tidak,TidaK,Tidak,Alaskar,NB/JK,-,-,-,-,-,-
7,1,24,2021-06-18,10:10,10:12,263,7.5,8.15,112,230,189,27.5,0.1,268,-,-,Surut,Keruh,Normal,Tidak,TidaK,Tidak,Alaskar,RT/FR,-,-,-,-,-,-
7,1,24,2021-06-19,13:24,13:26,285,7.35,7.39,136,205,133,29,0.1,315,-,-,Surut,Keruh,Normal,Tidak,TidaK,Tidak,Alaskar,RT/FR,-,-,-,-,-,-
7,1,24,2021-06-20,9:00,9:02,233,8.2,7.39,99,222,144,26.8,0.1,240,-,-,Surut,Keruh,Normal,Ada,TidaK,Tidak,Alaskar,NB/BK/FP,-,-,-,-,-,-
7,1,24,2021-06-21,9:01,9:03,73,7.96,7.31,82,218,142,27.2,0.1,97.7,-,-,Surut,Keruh,Normal,Tidak,TidaK,Tidak,Alaskar,NB/JK,-,-,-,-,-,-
7,1,24,2021-06-22,9:21,9:23,162,8,7.29,119,221,144,27.6,0.1,170,-,-,Surut,Keruh,Normal,Tidak,TidaK,Tidak,Alaskar,BK/JK/FK,-,-,-,-,-,-
7,1,24,2021-06-23,10:00,10:02,138,8.14,7.33,108,223,145,27.6,0.1,133,-,-,Surut,Keruh,Normal,Tidak,TidaK,Tidak,Alaskar,BK/RT,-,-,-,-,-,-
7,1,24,2021-06-24,9:40,9:42,86,7.99,7.29,151,217,141,27.9,0.1,98.6,-,-,Surut,Keruh,Normal,Tidak,TidaK,Tidak,Alaskar,BK/JK,-,-,-,-,-,-
7,1,24,2021-06-25,9:09,9:11,128,7.82,7.52,122,214,139,27.3,0.1,115,-,-,Surut,Keruh,Normal,Ada,TidaK,Tidak,Alaskar,FR/JK,-,-,-,-,-,-
7,1,24,2021-06-26,9:20,9:22,90,7.56,7.39,122,216,140,27.3,0.1,100,-,-,Surut,Keruh,Normal,Tidak,TidaK,Tidak,Alaskar,FR/FK,-,-,-,-,-,-
7,1,24,2021-06-27,8:48,8:50,88,8.07,7.53,105,210,137,26.3,0.1,91.8,-,-,Surut,Keruh,Normal,Ada,TidaK,Tidak,Alaskar,NB/BK,-,-,-,-,-,-
7,1,24,2021-06-28,8:40,8:42,86,7.62,7.4,115,212,140,26.6,0.1,75.3,-,-,Surut,Agak Keruh,Normal,Ada,TidaK,Tidak,Alaskar,FR/FP,-,-,-,-,-,-
7,1,24,2021-06-29,8:33,8:35,96,7.75,7.05,119,211,137,26.2,0.1,86.4,-,-,Surut,Keruh,Normal,Ada,TidaK,Tidak,Alaskar,FR/FP/NB,-,-,-,-,-,-
7,1,24,2021-06-30,8:15,8:17,24,7.59,7.74,144,248,162,26.6,0.1,26.7,-,-,Surut,Agak Keruh,Normal,Ada,TidaK,Tidak,Alaskar,FP/JK,-,-,-,-,-,-
7,1,24,2021-07-01,8:35,8:37,84,7.52,7.14,150,213,138,26.7,0.1,67.6,-,-,Surut,Keruh,Normal,Ada,TidaK,Tidak,Alaskar,FP/NB,-,-,-,-,-,-
7,1,24,2021-07-02,8:17,8:19,49,7.54,7.21,104,211,137,26.7,0.1,54.3,-,-,Surut,Keruh,Normal,Tidak,TidaK,Tidak,Alaskar,NB/JK,-,-,-,-,-,-
7,1,24,2021-07-03,8:35,8:37,81,7.57,7.59,120,237,154,26.6,0.1,96.3,-,-,Surut,Keruh,Normal,Ada,TidaK,Tidak,Alaskar,FP/JK,-,-,-,-,-,-
7,1,24,2021-07-04,8:43,8:45,267,7.76,7.13,118,205,135,25.1,0.1,283,-,-,Surut,Keruh,Normal,Ada,Ada,Tidak,Alaskar,FP/FR,-,-,-,-,-,-
7,1,24,2021-07-05,8:55,8:57,169,7.8,7.16,133,215,140,25.2,0.1,137,-,-,Surut,Keruh,Normal,Tidak,TidaK,Tidak,Alaskar,FP/FR,-,-,-,-,-,-
7,1,24,2021-07-06,10:28,10:30,33,7.4,7.06,119,238,147,26.2,0.1,36.7,-,-,Surut,Agak Keruh,Normal,Tidak,TidaK,Tidak,Alaskar,FR/FP/PP,-,-,-,-,-,-
7,1,24,2021-07-07,9:30,9:32,80,7.06,7.22,140,211,137,26.5,0.1,83.4,-,-,Surut,Keruh,Normal,Ada,TidaK,Tidak,Alaskar,NB/FK,-,-,-,-,-,-
7,1,24,2021-07-08,8:40,8:42,54,7.59,7.06,142,201,101,26.4,0.1,49.7,-,-,Surut,Keruh,Normal,Tidak,TidaK,Tidak,Alaskar,FP/JK,-,-,-,-,-,-
7,1,24,2021-07-09,8:25,8:27,43,7.76,7.14,134,219,442,26.2,0.1,38.7,-,-,Surut,Agak Keruh,Normal,Ada,TidaK,Tidak,Alaskar,NB/JK,-,-,-,-,-,-
7,1,24,2021-07-10,8:14,8:16,56,7.48,7.22,155,208,135,26.3,0.1,57.3,-,-,Surut,Keruh,Normal,Ada,TidaK,Tidak,Alaskar,NB/BK,-,-,-,-,-,-
7,1,24,2021-07-11,9:18,9:20,38,7.51,7.31,135,201,130,26.6,0.1,42.5,-,-,Surut,Keruh,Normal,Ada,TidaK,Tidak,Alaskar,FR,-,-,-,-,-,-
7,1,24,2021-07-12,9:10,9:12,199,7.6,7.53,132,228,148,27.7,0.1,289,-,-,Surut,Keruh,Normal,Ada,TidaK,Tidak,Alaskar,NB/JK,-,-,-,-,-,-
7,1,24,2021-07-13,9:11,9:13,214,7.96,7.34,115,221,143,27.2,0.1,179,-,-,Surut,Keruh,Normal,Ada,TidaK,Tidak,Alaskar,NB/JK,-,-,-,-,-,-
7,1,24,2021-07-14,8:48,8:50,142,7.83,7.6,118,177,143,25.8,0.1,130,-,-,Surut,Keruh,Normal,Ada,TidaK,Tidak,Alaskar,NB/JK,-,-,-,-,-,-
7,1,24,2021-07-15,11:23,11:25,253,7.48,7.5,80,231,150,29.2,0.1,252,-,-,Surut,Keruh,Normal,Tidak,TidaK,Tidak,Alaskar,NB/JK,-,-,-,-,-,-
7,1,24,2021-07-16,8:40,8:42,390,7.8,7.63,148,221,144,26.5,0.1,380,-,-,Surut,Keruh,Normal,Ada,TidaK,Tidak,Alaskar,NB/BK,-,-,-,-,-,-
7,1,24,2021-07-17,8:31,8:33,281,7.75,7.44,98,210,136,25.6,0.1,275,-,-,Surut,Keruh,Normal,Ada,TidaK,Tidak,Alaskar,NB,-,-,-,-,-,-
7,1,24,2021-07-18,8:23,8:25,66,7.42,7.1,126,234,151,26.1,0.1,70.4,-,-,Surut,Keruh,Normal,Tidak,TidaK,Tidak,Alaskar,FP/FR,-,-,-,-,-,-
7,1,24,2021-07-19,9:15,9:17,101,7.66,7.46,117,215,139,27.1,0.1,115,-,-,Surut,Keruh,Normal,Tidak,TidaK,Tidak,Alaskar,FR,-,-,-,-,-,-
7,1,24,2021-07-20,11:13,11:15,42,7.56,7.22,111,240,156,29.8,0.1,41.5,-,-,Surut,Keruh,Normal,Tidak,TidaK,Tidak,Alaskar,NB/FR,-,-,-,-,-,-
7,1,24,2021-07-21,8:30,8:32,54,7.75,7.28,134,254,165,27.1,0.1,53.1,-,-,Surut,Keruh,Normal,Tidak,TidaK,Tidak,Alaskar,NB/FR,-,-,-,-,-,-
7,1,24,2021-07-22,9:00,9:02,129,7.6,7.33,139,234,152,26.9,0.1,102,-,-,Surut,Keruh,Normal,Tidak,TidaK,Tidak,Alaskar,BK/JK,-,-,-,-,-,-
7,1,24,2021-07-23,8:25,8:27,503,7.29,7.4,123,223,144,26.1,0.1,456,-,-,Surut,Keruh,Normal,Ada,TidaK,Tidak,Alaskar,NB/JK,-,-,-,-,-,-
7,1,24,2021-07-24,8:14,8:16,162,8.06,7.55,113,224,146,25.9,0.1,160,-,-,Surut,Keruh,Normal,Tidak,TidaK,Tidak,Alaskar,NB,-,-,-,-,-,-
7,1,24,2021-07-25,9:22,9:25,110,7.74,7.4,121,233,153,27.1,0.1,118.5,-,-,Surut,Keruh,Normal,Tidak,TidaK,Tidak,Alaskar,FR,-,-,-,-,-,-
7,1,24,2021-07-26,10:18,10:20,98,7.83,7.2,112,233,151,28.3,0.1,110,-,-,Surut,Keruh,Normal,Tidak,TidaK,Tidak,Alaskar,FR/FK,-,-,-,-,-,-
7,1,24,2021-07-27,13:20,13:22,92,7.62,7.36,133,241,156,30.4,0.1,107.1,-,-,Surut,Keruh,Normal,Tidak,TidaK,Tidak,Alaskar,FR,-,-,-,-,-,-
7,1,24,2021-07-28,9:10,9:12,93,7.92,7.13,116,230,100,27.2,0.1,83.4,-,-,Surut,Keruh,Normal,Tidak,TidaK,Tidak,Alaskar,BK/FR,-,-,-,-,-,-
7,1,24,2021-07-29,8:15,8:17,53,7.54,7.33,114,254,165,26.1,0.1,54.1,-,-,Surut,Keruh,Normal,Tidak,TidaK,Tidak,Alaskar,NB/BK,-,-,-,-,-,-
7,1,24,2021-07-30,8:19,8:21,41,7.75,7.22,114,275,178,26.6,0.1,40.4,-,-,Surut,Agak Keruh,Normal,Tidak,TidaK,Tidak,Alaskar,NB,-,-,-,-,-,-
7,1,24,2021-07-31,9:18,9:20,36,7.83,7.4,127,268,174,26.5,0.1,37.5,-,-,Surut,Keruh,Normal,Tidak,TidaK,Tidak,Alaskar,NB/BK,-,-,-,-,-,-
7,1,24,2021-08-01,11:48,11:50,33,7.63,7.28,126,288,187,28.3,0.1,32.3,-,-,Surut,Keruh,Normal,Tidak,TidaK,Tidak,Alaskar,NB/FK,-,-,-,-,-,-
7,1,24,2021-08-02,9:56,9:58,105,7.49,7.62,130,215,139,28.7,0.1,109,-,-,Surut,Keruh,Normal,Ada,TidaK,Tidak,Alaskar,FR/FK,-,-,-,-,-,-
7,1,24,2021-08-03,11:46,11:48,38,7.76,7.18,128,240,157,30.3,0.1,41.2,-,-,Surut,Keruh,Normal,Ada,TidaK,Tidak,Alaskar,FR/FK,-,-,-,-,-,-
7,1,24,2021-08-04,13:54,13:52,294,8.03,7.15,117,269,174,31.1,0.1,291,-,-,Pasang,Keruh,Normal,Ada,TidaK,Tidak,Alaskar,BK/FR/FK,-,-,-,-,-,-
7,1,24,2021-08-05,9:54,9:56,96,7.92,7.18,118,249,162,28.1,0.1,95.3,-,-,Surut,Keruh,Normal,Tidak,TidaK,Tidak,Alaskar,NB/FR,-,-,-,-,-,-
7,1,24,2021-08-06,9:52,9:54,97,7.26,7.39,116,209,136,27.8,0.1,105,-,-,Surut,Keruh,Normal,Tidak,TidaK,Tidak,Alaskar,FR/PP,-,-,-,-,-,-
7,1,24,2021-08-07,8:39,8:41,72,7.45,7.35,145,262,170,26.4,0.1,70.8,-,-,Surut,Keruh,Normal,Tidak,TidaK,Tidak,Alaskar,NB,-,-,-,-,-,-
7,1,24,2021-08-08,8:35,8:37,54,7.68,7.38,175,283,183,26.2,0.1,52.4,-,-,Surut,Keruh,Normal,Tidak,TidaK,Tidak,Alaskar,NB,-,-,-,-,-,-
7,1,24,2021-08-09,10:28,10:30,51,7.81,7.39,179,235,150,28.2,0.1,55.3,-,-,Surut,Keruh,Normal,Ada,TidaK,Tidak,Alaskar,FR/FK,-,-,-,-,-,-
7,1,24,2021-08-10,8:50,8:52,31,7.94,7.35,156,283,183,27,0.1,30.4,-,-,Surut,Keruh,Normal,Tidak,TidaK,Tidak,Alaskar,NB,-,-,-,-,-,-
7,1,24,2021-08-11,13:50,13:52,12,7.47,7.24,170,249,162,30.8,0.1,16.3,-,-,Surut,Normal,Normal,Tidak,TidaK,Tidak,Alaskar,FP/FK,-,-,-,-,-,-
7,1,24,2021-08-12,8:43,8:45,33,7.43,7.08,159,292,172,26.8,0.1,37.2,-,-,Surut,Agak Keruh,Normal,Ada,TidaK,Tidak,Alaskar,FP,-,-,-,-,-,-
7,1,24,2021-08-13,10:03,10:05,91,7.69,7.13,168,299,188,28.8,0.1,98,-,-,Surut,Keruh,Normal,Ada,TidaK,Tidak,Alaskar,FP/FK,-,-,-,-,-,-
7,1,24,2021-08-14,13:26,13:28,43,7.88,6.91,116,246,160,28.8,0.1,46.7,-,-,Surut,Keruh,Normal,Tidak,TidaK,Tidak,Alaskar,BK/FK,-,-,-,-,-,-
7,1,24,2021-08-15,8:54,8:56,16,7.74,7.6,129,283,157,26.9,0.1,14.3,-,-,Surut,Agak Keruh,Normal,Tidak,TidaK,Tidak,Alaskar,BK/FK,-,-,-,-,-,-
7,1,24,2021-08-16,8:43,8:45,480,7.69,8.32,151,237,154,25.5,0.1,504,-,-,Surut,Keruh,Normal,Ada,TidaK,Tidak,Alaskar,FP/AL,-,-,-,-,-,-
7,1,24,2021-08-17,8:58,9:00,148,7.59,7.67,108,250,163,26.5,0.1,146,-,-,Surut,Keruh,Normal,Ada,TidaK,Tidak,Alaskar,NB/FP,-,-,-,-,-,-
7,1,24,2021-08-18,8:50,8:52,82,7.55,7.72,143,242,157,26.7,0.1,62.2,-,-,Surut,Keruh,Normal,Tidak,TidaK,Tidak,Alaskar,NB/FP,-,-,-,-,-,-
7,1,24,2021-08-19,8:59,9:01,156,7.3,7.25,158,232,151,26.2,0.1,121,-,-,Surut,Keruh,Normal,Ada,TidaK,Tidak,Alaskar,NB/JK,-,-,-,-,-,-
7,1,24,2021-08-20,10:45,10:47,46,7.43,7.05,114,284,184,30.8,0.1,47.1,-,-,Surut,Keruh,Normal,Tidak,TidaK,Tidak,Alaskar,FK/JK/BK,-,-,-,-,-,-
7,1,24,2021-08-21,9:10,9:12,101,7.21,7.3,101,214,139,25.8,0.1,102,-,-,Pasang,Keruh,Normal,Ada,Ada,Tidak,Alaskar,BK,-,-,-,-,-,-
7,1,24,2021-08-22,9:23,9:25,31,7.69,7.68,128,316,209,26.8,0.1,28.4,-,-,Surut,Agak Keruh,Normal,Tidak,TidaK,Tidak,Alaskar,FR/FP,-,-,-,-,-,-
7,1,24,2021-08-23,8:28,8:30,38,7.49,7.4,128,287,174,26.9,0.1,26.9,-,-,Surut,Agak Keruh,Normal,Ada,TidaK,Tidak,Alaskar,FP/HM,-,-,-,-,-,-
7,1,24,2021-08-24,8:48,8:50,25,7.57,7.3,140,298,190,25.2,0.1,27.2,-,-,Surut,Agak Keruh,Normal,Ada,Ada,Tidak,Alaskar,FR/FP,-,-,-,-,-,-
7,1,24,2021-08-25,8:39,8:41,739,7.85,7.26,156,210,136,23.9,0.1,>1000,-,-,Surut,Keruh,Normal,Ada,Ada,Tidak,Alaskar,FP/NB,-,-,-,-,-,-
7,1,24,2021-08-26,8:48,8:50,24,7.59,7.14,167,287,182,26.3,0.1,22.3,-,-,Surut,Agak Keruh,Normal,Tidak,TidaK,Tidak,Alaskar,FP/JK,-,-,-,-,-,-
7,1,24,2021-08-27,8:38,8:40,24,7.57,7.31,103,238,155,25.8,0.1,22.8,-,-,Surut,Agak Keruh,Normal,Tidak,TidaK,Tidak,Alaskar,JK/FK,-,-,-,-,-,-
7,1,24,2021-08-28,8:27,8:29,30,8.15,7.45,171,241,157,25.3,0.1,26.4,-,-,Surut,Keruh,Normal,Ada,TidaK,Tidak,Alaskar,NB/BK,-,-,-,-,-,-
7,1,24,2021-08-29,9:26,9:28,15,7.84,7.18,162,289,186,26.9,0.1,17.4,-,-,Surut,Normal,Normal,Tidak,TidaK,Tidak,Alaskar,FR/FP/HM,-,-,-,-,-,-
7,1,24,2021-08-30,8:37,8:39,12,7.28,7.82,117,293,159,25.9,0.1,14.7,-,-,Surut,Normal,Normal,Tidak,TidaK,Tidak,Alaskar,FP/PP,-,-,-,-,-,-
7,1,24,2021-08-31,8:38,8:40,17,7.81,7.24,138,256,166,25.8,0.1,17.8,-,-,Surut,Agak Keruh,Normal,Ada,TidaK,Tidak,Alaskar,NB/FP,-,-,-,-,-,-
7,1,24,2021-09-01,11:25,11:27,11,7.55,7.45,138,205,133,28.4,0.1,10.4,-,-,Surut,Normal,Normal,Tidak,TidaK,Tidak,Alaskar,BK/JK,-,-,-,-,-,-
7,1,24,2021-09-02,9:13,9:15,44,7.95,7.34,125,243,158,25.6,0.1,41.5,-,-,Surut,Keruh,Normal,Ada,Ada,Tidak,Alaskar,NB/HM,-,-,-,-,-,-
7,1,24,2021-09-03,8:48,8:50,33,7.8,7.04,140,270,175,26.3,0.1,31.4,-,-,Surut,Keruh,Normal,Tidak,TidaK,Tidak,Alaskar,NB,-,-,-,-,-,-
7,1,24,2021-09-04,8:29,8:31,277,8.13,7.21,150,234,152,26.4,0.1,380,-,-,Surut,Keruh,Normal,Ada,TidaK,Tidak,Alaskar,NB,-,-,-,-,-,-
7,1,24,2021-09-05,8:42,8:44,39,7.6,7.18,174,249,162,26.8,0.1,329,-,-,Surut,Keruh,Normal,Ada,TidaK,Tidak,Alaskar,FR/FP/HM,-,-,-,-,-,-
7,1,24,2021-09-06,12:58,13:00,1094,7.73,6.29,124,388,252,27.5,0.2,>1000,-,-,Pasang,Keruh,Normal,Ada,Ada,Tidak,Alaskar,FR/FP,-,-,-,-,-,-
7,1,24,2021-09-07,9:08,9:10,880,7.86,7.2,154,259,168,26.3,0.1,853,-,-,Surut,Keruh,Normal,Ada,TidaK,Tidak,Alaskar,NB/FP,-,-,-,-,-,-
7,1,24,2021-09-08,6:33,6:35,1270,7.68,7.08,127,387,211,24.9,0.2,>1000,-,-,Surut,Keruh,Normal,Ada,Ada,Tidak,Alaskar,FP/HM,-,-,-,-,-,-
7,1,24,2021-09-09,8:47,8:49,1680,8.35,7.9,108,330,164,25,0.1,>1000,-,-,Pasang,Keruh,Normal,Ada,Ada,Tidak,Alaskar,FP/HM,-,-,-,-,-,-
7,1,24,2021-09-10,8:48,8:50,462,8.09,7.22,139,239,155,26.8,0.1,451,-,-,Surut,Keruh,Normal,Ada,TidaK,Tidak,Alaskar,NB/BK,-,-,-,-,-,-
7,1,24,2021-09-11,11:20,11:22,490,8.02,7.24,173,251,164,29.4,0.1,585,-,-,Surut,Keruh,Normal,Ada,TidaK,Tidak,Alaskar,NB,-,-,-,-,-,-
7,1,24,2021-09-12,8:38,8:40,39,7.67,8.16,181,236,153,25.2,0.1,409,-,-,Surut,Keruh,Normal,Ada,Ada,Tidak,Alaskar,FP/HM,-,-,-,-,-,-
7,1,24,2021-09-13,6:42,6:44,29,7.61,7.08,122,185,120,24.1,0.1,307,-,-,Surut,Keruh,Normal,Ada,TidaK,Tidak,Alaskar,FP/HM,-,-,-,-,-,-
7,1,24,2021-09-14,13:19,13:21,60,7.27,7.19,185,269,158,31.4,0.1,68.7,-,-,Surut,Agak Keruh,Normal,Ada,TidaK,Tidak,Alaskar,FP/HM,-,-,-,-,-,-
7,1,24,2021-09-15,8:27,8:29,280,8.2,7.44,98,237,154,26.8,0.1,240,-,-,Surut,Keruh,Normal,Tidak,TidaK,Tidak,Alaskar,NB/FP,-,-,-,-,-,-
7,1,24,2021-09-16,6:39,6:41,210,7.9,7.19,124,300,195,25.2,0.1,140,-,-,Surut,Keruh,Normal,Ada,TidaK,Tidak,Alaskar,NB/BK,-,-,-,-,-,-
7,1,24,2021-09-17,8:48,8:50,440,7.95,7.37,180,238,154,26.4,0.1,471,-,-,Surut,Keruh,Normal,Ada,Ada,Tidak,Alaskar,NB/BK,-,-,-,-,-,-
7,1,24,2021-09-18,8:19,8:21,163,7.64,7.2,148,288,180,26.1,0.1,214,-,-,Surut,Keruh,Normal,Ada,TidaK,Tidak,Alaskar,NB/BK,-,-,-,-,-,-
7,1,24,2021-09-19,9:06,9:08,19,7.9,7.84,129,256,166,26.9,0.1,209,-,-,Surut,Keruh,Normal,Tidak,TidaK,Tidak,Alaskar,FR/FP/HM,-,-,-,-,-,-
7,1,24,2021-09-20,8:55,8:57,160,8.1,6.23,199,259,168,26.9,0.1,166,-,-,Surut,Keruh,Normal,Tidak,TidaK,Tidak,Alaskar,FP/HM,-,-,-,-,-,-
7,1,24,2021-09-21,8:32,8:34,160,7.85,7.41,117,266,173,26.8,0.1,135,-,-,Surut,Keruh,Normal,Tidak,TidaK,Tidak,Alaskar,FR/BK,-,-,-,-,-,-
7,1,24,2021-09-22,8:55,8:57,600,8.16,7.1,133,220,143,27.1,0.1,548,-,-,Pasang,Keruh,Normal,Ada,TidaK,Tidak,Alaskar,FR/BK,-,-,-,-,-,-
7,1,24,2021-09-23,9:18,9:20,780,7.86,7.1,155,202,131,27.3,0.1,604,-,-,Surut,Keruh,Normal,Ada,TidaK,Tidak,Alaskar,FR/BK,-,-,-,-,-,-
7,1,24,2021-09-24,14:10,14:12,980,7.8,7.41,153,219,142,28.1,0.1,998,-,-,Pasang,Keruh,Normal,Ada,TidaK,Tidak,Alaskar,BK/JK,-,-,-,-,-,-
7,1,24,2021-09-25,9:29,9:31,440,8.11,7.3,133,208,135,27.2,0.1,342,-,-,Surut,Keruh,Normal,Tidak,TidaK,Tidak,Alaskar,NB,-,-,-,-,-,-
7,1,24,2021-09-26,9:31,9:33,362,8.1,7.35,127,218,141,29,0.1,296,-,-,Surut,Keruh,Normal,Ada,TidaK,Tidak,Alaskar,FR/FP/HM,-,-,-,-,-,-
7,1,24,2021-09-27,9:16,9:18,340,8.06,6.8,119,227,148,29.8,0.1,375,-,-,Surut,Keruh,Normal,Tidak,TidaK,Tidak,Alaskar,BK/JK,-,-,-,-,-,-
7,1,24,2021-09-28,8:15,8:17,328,8.02,7.08,125,240,156,26,0.1,325,-,-,Surut,Keruh,Normal,Tidak,TidaK,Tidak,Alaskar,NB,-,-,-,-,-,-
7,1,24,2021-09-29,8:24,8:26,80,7.9,7.1,140,219,142,26.8,0.1,98,-,-,Surut,Keruh,Normal,Tidak,TidaK,Tidak,Alaskar,NB/BK,-,-,-,-,-,-
7,1,24,2021-09-30,8:42,8:44,22,7.43,7.37,116,297,192,27.6,0.1,15.4,-,-,Surut,Agak Keruh,Normal,Tidak,TidaK,Tidak,Alaskar,FP/BK,-,-,-,-,-,-
7,1,24,2021-10-01,8:24,8:26,24,7.72,7.48,162,287,189,27.4,0.1,16.2,-,-,Surut,Agak Keruh,Normal,Tidak,TidaK,Tidak,Alaskar,FP/BK,-,-,-,-,-,-
7,1,24,2021-10-02,9:08,9:10,69,7.73,7.5,160,291,189,27.6,0.1,67.4,-,-,Surut,Agak Keruh,Normal,Tidak,TidaK,Tidak,Alaskar,NB/FR,-,-,-,-,-,-
7,1,24,2021-10-03,9:08,9:10,98,7.83,7.34,96,222,144,26.9,0.1,82.4,-,-,Surut,Keruh,Normal,Tidak,TidaK,Tidak,Alaskar,FK/JK,-,-,-,-,-,-
7,1,24,2021-10-04,8:28,8:30,56,7.51,7.13,121,326,210,26.7,0.1,72,-,-,Surut,Keruh,Normal,Ada,TidaK,Tidak,Alaskar,FP/BK,-,-,-,-,-,-
7,1,24,2021-10-05,10:00,10:02,181,8.15,7.08,175,220,143,30,0.1,150,-,-,Surut,Keruh,Normal,Tidak,TidaK,Tidak,Alaskar,FK/BK/PP,-,-,-,-,-,-
7,1,24,2021-10-06,11:24,11:26,141,8.08,7.1,101,224,145,30.7,0.1,150,-,-,Surut,Keruh,Normal,Tidak,TidaK,Tidak,Alaskar,BK/HM,-,-,-,-,-,-
7,1,24,2021-10-07,8:46,8:48,91,7.92,7.12,115,224,146,25.7,0.1,91.8,-,-,Surut,Agak Keruh,Normal,Tidak,TidaK,Tidak,Alaskar,FR/FP/NB,-,-,-,-,-,-
7,1,24,2021-10-08,8:55,8:57,62,7.93,7.53,187,279,182,25.9,0.1,68.7,-,-,Surut,Agak Keruh,Normal,Tidak,TidaK,Tidak,Alaskar,FP/HM,-,-,-,-,-,-
7,1,24,2021-10-09,8:26,8:28,33,7.59,7.13,122,297,190,25.7,0.1,29.2,-,-,Surut,Agak Keruh,Normal,Tidak,TidaK,Tidak,Alaskar,FP/NB,-,-,-,-,-,-
7,1,24,2021-10-10,8:28,8:30,165,7.32,7.38,127,219,142,26.8,0.1,123,-,-,Surut,Keruh,Normal,Ada,TidaK,Tidak,Alaskar,NB/BK,-,-,-,-,-,-
7,1,24,2021-10-11,9:28,9:30,145,7.41,7.65,192,234,152,27.9,0.1,168,-,-,Surut,Keruh,Normal,Tidak,TidaK,Tidak,Alaskar,NB/BK/JK,-,-,-,-,-,-
7,1,24,2021-10-12,8:29,8:31,102,7.67,7.41,118,245,159,27.1,0.1,86.5,-,-,Surut,Keruh,Normal,Tidak,TidaK,Tidak,Alaskar,NB/HM,-,-,-,-,-,-
7,1,24,2021-10-13,8:21,8:23,202,7.54,7.21,125,215,159,26.4,0.1,60.4,-,-,Surut,Keruh,Normal,Tidak,TidaK,Tidak,Alaskar,NB,-,-,-,-,-,-
7,1,24,2021-10-14,9:30,9:32,29,8.02,7.06,155,214,139,28.7,0.1,31.6,-,-,Surut,Agak Keruh,Normal,Tidak,TidaK,Tidak,Alaskar,BK/JK,-,-,-,-,-,-
7,1,24,2021-10-15,9:26,9:28,32,7.29,7.24,134,293,192,27.1,0.1,38.5,-,-,Surut,Agak Keruh,Normal,Tidak,TidaK,Tidak,Alaskar,FR/FP/HM,-,-,-,-,-,-
7,1,24,2021-10-16,8:29,8:28,20,7.83,7.24,119,316,201,26.2,0.1,22.8,-,-,Surut,Keruh,Normal,Tidak,TidaK,Tidak,Alaskar,FP/HM,-,-,-,-,-,-
7,1,24,2021-10-17,8:24,8:26,20,7.68,7.4,114,284,184,27.3,0.1,20.5,-,-,Surut,Agak Keruh,Normal,Tidak,TidaK,Tidak,Alaskar,NB/BK,-,-,-,-,-,-
7,1,24,2021-10-18,8:47,8:49,51,7.75,7.15,120,231,150,28,0.1,52.2,-,-,Surut,Agak Keruh,Normal,Ada,TidaK,Tidak,Alaskar,NB/BK,-,-,-,-,-,-
7,1,24,2021-10-19,8:51,8:53,22,7.89,7.27,148,293,189,26.9,0.1,22.4,-,-,Surut,Agak Keruh,Normal,Tidak,TidaK,Tidak,Alaskar,FP/JK,-,-,-,-,-,-
7,1,24,2021-10-20,7:48,7:50,35,7.6,7.2,101,225,146,26.6,0.1,33.8,-,-,Surut,Keruh,Normal,Ada,TidaK,Tidak,Alaskar,NB,-,-,-,-,-,-
7,1,24,2021-10-21,8:43,8:45,32,7.6,7.14,109,306,198,26.9,0.1,27.2,-,-,Surut,Agak Keruh,Normal,Tidak,TidaK,Tidak,Alaskar,NB/FP,-,-,-,-,-,-
7,1,24,2021-10-22,13:33,13:36,20,7.84,7.28,132,247,162,28.7,0.1,19.1,-,-,Surut,Agak Keruh,Normal,Tidak,TidaK,Tidak,Alaskar,FR/PP/HM,-,-,-,-,-,-
7,1,24,2021-10-23,8:36,8:38,240,7.3,7.12,112,286,256,26.9,0.1,26.9,-,-,Surut,Keruh,Normal,Ada,TidaK,Tidak,Alaskar,FP/HM,-,-,-,-,-,-
7,1,24,2021-10-24,9:50,9:52,219,7.11,7.37,130,241,157,28,0.1,228,-,-,Surut,Keruh,Normal,Ada,TidaK,Tidak,Alaskar,FK/BK,-,-,-,-,-,-
7,1,24,2021-10-25,14:09,14:11,158,7.01,7.44,127,250,162,31.8,0.1,173,-,-,Surut,Keruh,Normal,Ada,TidaK,Tidak,Alaskar,NB/BK,-,-,-,-,-,-
7,1,24,2021-10-26,9:58,10:00,1600,7.35,7.4,107,246,190,28.9,0.1,147,-,-,Surut,Keruh,Normal,Tidak,TidaK,Tidak,Alaskar,FR/FK,-,-,-,-,-,-
7,1,24,2021-10-27,8:43,8:45,41,7.7,7.2,128,304,191,26.9,0.1,37.4,-,-,Surut,Keruh,Normal,Tidak,TidaK,Tidak,Alaskar,FP/JK,-,-,-,-,-,-
7,1,24,2021-10-28,9:28,9:30,42,7.5,6.95,108,290,189,28.1,0.1,53.7,-,-,Surut,Keruh,Normal,Tidak,TidaK,Tidak,Alaskar,FK/JK,-,-,-,-,-,-
7,1,24,2021-10-29,10:56,10:58,402,7.76,7.15,174,256,167,30.2,0.1,395,-,-,Surut,Keruh,Normal,Ada,TidaK,Tidak,Alaskar,FP/BK,-,-,-,-,-,-
7,1,24,2021-10-30,8:45,8:47,68,7.58,7.4,140,286,182,26.4,0.1,73.7,-,-,Surut,Keruh,Normal,Ada,Ada,Tidak,Alaskar,FP/JK,-,-,-,-,-,-
7,1,24,2021-10-31,9:26,9:28,17730,7.54,7.24,140,324,210,24.6,0.1,>1000,-,-,Pasang,Keruh,Normal,Ada,Ada,Tidak,Alaskar,NB/BK,-,-,-,-,-,-
7,1,24,2021-11-01,9:35,9:37,430,8.64,7.71,103,218,142,27.4,0.1,556,-,-,Surut,Keruh,Normal,Ada,TidaK,Tidak,Alaskar,BK/JK,-,-,-,-,-,-
7,1,24,2021-11-02,13:44,13:46,380,8.01,7.18,108,290,150,30.1,0.1,360,-,-,Surut,Keruh,Normal,Tidak,TidaK,Tidak,Alaskar,FK/BK/JK,-,-,-,-,-,-
7,1,24,2021-11-03,9:20,9:22,240,8.29,7.12,161,236,153,28.3,0.1,237,-,-,Surut,Keruh,Normal,Tidak,TidaK,Tidak,Alaskar,BK/JK,-,-,-,-,-,-
7,1,24,2021-11-04,9:45,9:47,196,8.11,6.88,115,350,228,30.9,0.1,200,-,-,Surut,Keruh,Normal,Tidak,TidaK,Tidak,Alaskar,FK/JK,-,-,-,-,-,-
7,1,24,2021-11-05,8:46,8:48,1120,7.79,6.62,131,347,231,27.2,0.2,>1000,-,-,Pasang,Keruh,Normal,Ada,TidaK,Tidak,Alaskar,FP/HM,-,-,-,-,-,-
7,1,24,2021-11-06,7:18,7:20,1910,8.4,6.77,115,289,188,24.5,0.1,>1000,-,-,Pasang,Keruh,Normal,Ada,TidaK,Tidak,Alaskar,FP/HM,-,-,-,-,-,-
7,1,24,2021-11-07,7:13,7:15,285,8.17,7.14,122,238,155,26.3,0.1,285,-,-,Surut,Keruh,Normal,Ada,Ada,Tidak,Alaskar,NB/HM,-,-,-,-,-,-
7,1,24,2021-11-08,9:10,9:12,560,7.98,6.88,125,245,159,27.1,0.1,>1000,-,-,Surut,Keruh,Normal,Ada,TidaK,Tidak,Alaskar,FP/JK/FK,-,-,-,-,-,-
7,1,24,2021-11-09,7:02,7:04,560,7.89,6.73,124,305,190,24.8,0.1,876,-,-,Surut,Keruh,Normal,Ada,TidaK,Tidak,Alaskar,FP/HM,-,-,-,-,-,-
7,1,24,2021-11-10,7:10,7:12,148,7.74,7.06,119,287,189,25.4,0.1,153,-,-,Surut,Keruh,Normal,Ada,TidaK,Tidak,Alaskar,FP/HM,-,-,-,-,-,-
7,1,24,2021-11-11,7:02,7:04,550,7.8,6.52,131,227,143,25.9,0.1,647,-,-,Surut,Keruh,Normal,Ada,TidaK,Tidak,Alaskar,FR/FP/BK,-,-,-,-,-,-
7,1,24,2021-11-12,7:17,7:19,520,7.4,6.65,149,292,189,26.2,0.1,>1000,-,-,Surut,Keruh,Normal,Ada,TidaK,Tidak,Alaskar,FP/HM,-,-,-,-,-,-
7,1,24,2021-11-13,7:31,7:33,291,7.8,7.62,141,340,224,25.4,0.2,287,-,-,Surut,Keruh,Normal,Ada,TidaK,Tidak,Alaskar,FP/HM,-,-,-,-,-,-
7,1,24,2021-11-14,7:10,7:12,492,7.75,7.2,100,220,143,26.5,0.1,391,-,-,Surut,Keruh,Normal,Tidak,TidaK,Tidak,Alaskar,NB/BK,-,-,-,-,-,-
7,1,24,2021-11-15,7:14,7:16,412,7.87,7.3,98,217,141,26.3,0.1,313,-,-,Surut,Keruh,Normal,Ada,TidaK,Tidak,Alaskar,NB,-,-,-,-,-,-
7,1,24,2021-11-16,9:50,9:52,312,7.36,7.13,144,239,155,28.5,0.1,307,-,-,Surut,Keruh,Normal,Ada,TidaK,Tidak,Alaskar,FK/JK,-,-,-,-,-,-
7,1,24,2021-11-17,10:00,10:12,57,7.85,6.59,170,300,195,27.5,0.1,55.2,-,-,Surut,Keruh,Normal,Ada,Ada,Tidak,Alaskar,FK/JK,-,-,-,-,-,-
7,1,24,2021-11-18,7:27,7:29,188,7.43,7.11,144,287,190,25.7,0.1,265,-,-,Surut,Keruh,Normal,Ada,TidaK,Tidak,Alaskar,FP/HM,-,-,-,-,-,-
7,1,24,2021-11-19,7:20,7:22,251,7.74,6.87,128,312,204,25.8,0.2,246,-,-,Surut,Keruh,Normal,Tidak,TidaK,Tidak,Alaskar,FP/HM,-,-,-,-,-,-
7,1,24,2021-11-20,7:14,7:16,93,7.28,7.08,152,304,180,25.8,0.1,89.4,-,-,Surut,Keruh,Normal,Tidak,TidaK,Tidak,Alaskar,FP/HM,-,-,-,-,-,-
7,1,24,2021-11-21,7:16,7:18,145,7.46,7.08,165,275,178,26.3,0.1,231,-,-,Surut,Keruh,Normal,Tidak,TidaK,Tidak,Alaskar,NB/JK,-,-,-,-,-,-
7,1,24,2021-11-22,9:06,9:08,41,7.81,7.24,119,237,154,27.6,0.1,86.2,-,-,Surut,Keruh,Normal,Tidak,TidaK,Tidak,Alaskar,BK/JK,-,-,-,-,-,-
7,1,24,2021-11-23,12:20,12:22,97,7.17,7.2,154,265,172,30.8,0.1,108,-,-,Surut,Keruh,Normal,Tidak,TidaK,Tidak,Alaskar,NB/FP,-,-,-,-,-,-
7,1,24,2021-11-24,7:28,7:30,70,7.7,7.13,109,294,190,25.9,0.1,78.7,-,-,Surut,Agak Keruh,Normal,Ada,TidaK,Tidak,Alaskar,FP/BK,-,-,-,-,-,-
7,1,24,2021-11-25,9:40,9:42,150,7.55,6.75,100,250,162,28.5,0.1,165,-,-,Surut,Keruh,Normal,Ada,TidaK,Tidak,Alaskar,FK/JK,-,-,-,-,-,-
7,1,24,2021-11-26,7:25,7:27,63,7.62,7.37,112,277,168,26.1,0.1,59.7,-,-,Surut,Keruh,Normal,Ada,TidaK,Tidak,Alaskar,FP,-,-,-,-,-,-
7,1,24,2021-11-27,7:23,7:25,82,7.62,7.12,130,315,209,25.8,0.1,76.7,-,-,Surut,Keruh,Normal,Tidak,TidaK,Tidak,Alaskar,FP/HM,-,-,-,-,-,-
7,1,24,2021-11-28,9:19,9:21,52,7.6,7.15,120,253,164,27.1,0.1,58.7,-,-,Surut,Keruh,Normal,Ada,TidaK,Tidak,Alaskar,NB/BK,-,-,-,-,-,-
7,1,24,2021-11-29,12:14,12:16,51,7.64,7.06,111,225,146,28.1,0.1,64.6,-,-,Surut,Keruh,Normal,Ada,Ada,Tidak,Alaskar,NB,-,-,-,-,-,-
7,1,24,2021-11-30,7:33,7:35,43,7.37,7.47,117,334,230,25.7,0.2,53.7,-,-,Surut,Keruh,Normal,Ada,Ada,Tidak,Alaskar,FP/HM,-,-,-,-,-,-
7,1,24,2021-12-01,11:09,11:11,49,7.56,7.08,119,269,158,29.8,0.1,47.8,-,-,Surut,Agak Keruh,Normal,Ada,TidaK,Tidak,Alaskar,FR/FP/HM,-,-,-,-,-,-
7,1,24,2021-12-02,9:51,9:53,42,7.5,7.43,152,283,180,28.7,0.1,63.7,-,-,Surut,Keruh,Normal,Tidak,TidaK,Tidak,Alaskar,FR/JK,-,-,-,-,-,-
7,1,24,2021-12-03,13:26,13:28,297,7.66,7.5,126,252,164,31.1,0.1,300,-,-,Surut,Keruh,Normal,Ada,TidaK,Tidak,Alaskar,BK/JK/FK,-,-,-,-,-,-
7,1,24,2021-12-04,10:16,10:18,180,8.35,7,129,250,162,27.5,0.1,320,-,-,Surut,Keruh,Normal,Ada,TidaK,Tidak,Alaskar,FK/JK,-,-,-,-,-,-
7,1,24,2021-12-05,7:29,7:31,720,7.62,7.74,163,334,220,24.6,0.2,709,-,-,Surut,Keruh,Normal,Ada,Ada,Tidak,Alaskar,FR/FP,-,-,-,-,-,-
7,1,24,2021-12-06,7:49,7:51,146,8.2,7.48,129,279,181,25.8,0.1,142,-,-,Surut,Keruh,Normal,Ada,TidaK,Tidak,Alaskar,FP/HM,-,-,-,-,-,-
7,1,24,2021-12-07,7:10,7:12,990,7.4,7.34,154,262,170,25.3,0.1,220,-,-,Surut,Keruh,Normal,Ada,Ada,Tidak,Alaskar,NB/HM,-,-,-,-,-,-
7,1,24,2021-12-08,6:56,6:58,220,6.92,7.24,129,310,201,25.1,0.2,278,-,-,Surut,Keruh,Normal,Ada,TidaK,Tidak,Alaskar,NB/HM/FP,-,-,-,-,-,-
7,1,24,2021-12-09,10:15,10:17,35,7.55,6.65,130,300,195,30.5,0.1,45,-,-,Surut,Keruh,Normal,Ada,TidaK,Tidak,Alaskar,FK/JK,-,-,-,-,-,-
7,1,24,2021-12-10,9:17,9:19,72,7.42,7.15,135,199,129,27.1,0.1,87,-,-,Surut,Keruh,Normal,Ada,TidaK,Tidak,Alaskar,BK/JK,-,-,-,-,-,-
7,1,24,2021-12-11,8:41,8:43,42,7.28,7.14,124,225,148,56.8,0.1,48.7,-,-,Surut,Keruh,Normal,Ada,TidaK,Tidak,Alaskar,NB/JK,-,-,-,-,-,-
7,1,24,2021-12-12,7:44,7:46,28,7.83,7.38,124,314,196,26.2,0.1,26.7,-,-,Surut,Agak Keruh,Normal,Tidak,TidaK,Tidak,Alaskar,FP/HM,-,-,-,-,-,-
7,1,24,2021-12-13,7:26,7:28,27,7.3,7.19,153,295,122,25.6,0.1,25,-,-,Surut,Agak Keruh,Normal,Tidak,TidaK,Tidak,Alaskar,FP/HM,-,-,-,-,-,-
7,1,24,2021-12-14,8:14,8:16,44,7.98,7.08,122,240,156,27.1,0.1,52.4,-,-,Surut,Keruh,Normal,Tidak,TidaK,Tidak,Alaskar,NB/HM,-,-,-,-,-,-
7,1,24,2021-12-15,7:46,7:48,221,8.02,7.28,124,268,174,25.4,0.1,348,-,-,Surut,Keruh,Normal,Ada,TidaK,Tidak,Alaskar,NB/HM,-,-,-,-,-,-
7,1,24,2021-12-16,7:01,7:03,726,7.68,7.08,151,264,171,26.3,0.1,125,-,-,Surut,Keruh,Normal,Tidak,TidaK,Tidak,Alaskar,NB/HM,-,-,-,-,-,-
7,1,24,2021-12-17,9:40,9:42,72,8.3,6.88,117,212,138,28.8,0.1,85,-,-,Surut,Keruh,Normal,Tidak,TidaK,Tidak,Alaskar,BK/JK/FK,-,-,-,-,-,-
7,1,24,2021-12-18,8:56,8:58,67,7.8,7.18,140,275,178,27.4,0.1,55.4,-,-,Surut,Keruh,Normal,Ada,TidaK,Tidak,Alaskar,NB/BK,-,-,-,-,-,-
7,1,24,2021-12-19,8:16,8:18,31,7.7,7.76,120,268,162,26.2,0.1,28.7,-,-,Surut,Agak Keruh,Normal,Ada,TidaK,Tidak,Alaskar,FP/HM,-,-,-,-,-,-
7,1,24,2021-12-20,7:28,7:30,72,7.46,7.13,129,326,220,25.9,0.2,60.8,-,-,Surut,Keruh,Normal,Ada,Ada,Tidak,Alaskar,FP/HM,-,-,-,-,-,-
7,1,24,2021-12-21,8:34,8:36,750,8.22,7.14,134,265,172,25.4,0.1,588,-,-,Pasang,Keruh,Normal,Ada,TidaK,Tidak,Alaskar,NB/FP/HM,-,-,-,-,-,-
7,1,24,2021-12-22,8:58,9:00,48,7.4,7.3,120,208,135,27.4,0.1,51.3,-,-,Surut,Keruh,Normal,Ada,TidaK,Tidak,Alaskar,HM/JK,-,-,-,-,-,-
7,1,24,2021-12-23,7:21,7:23,2240,7.85,7.52,146,265,172,25.9,0.1,>1000,-,-,Pasang,Keruh,Normal,Ada,Ada,Tidak,Alaskar,NB/HM,-,-,-,-,-,-
7,1,24,2021-12-24,7:13,7:15,560,7.79,7.33,138,260,169,25.3,0.1,>1000,-,-,Pasang,Keruh,Normal,Ada,Ada,Tidak,Alaskar,NB/JK/FK,-,-,-,-,-,-
7,1,24,2021-12-25,9:15,9:17,840,7.95,7.49,134,212,137,27.2,0.1,859,-,-,Pasang,Keruh,Normal,Ada,TidaK,Tidak,Alaskar,HM/JK,-,-,-,-,-,-
7,1,24,2021-12-26,7:53,7:55,2380,8.1,8.04,142,334,221,28.4,0.2,>1000,-,-,Pasang,Keruh,Normal,Ada,Ada,Tidak,Alaskar,FP/HM,-,-,-,-,-,-
7,1,24,2021-12-27,7:56,7:58,2240,7.74,7.82,162,272,163,25.8,0.1,>1000,-,-,Pasang,Keruh,Normal,Ada,Ada,Tidak,Alaskar,FP/HM,-,-,-,-,-,-
7,1,24,2021-12-28,8:48,8:50,640,7.84,7.68,140,246,159,26.1,0.1,620,-,-,Pasang,Keruh,Normal,Ada,Ada,Tidak,Alaskar,FP/NB,-,-,-,-,-,-
7,1,24,2021-12-29,9:27,9:29,4880,7.94,7.21,161,294,191,27.8,0.1,420,-,-,Surut,Keruh,Normal,Ada,TidaK,Tidak,Alaskar,NB/FK,-,-,-,-,-,-
7,1,24,2021-12-30,7:14,7:16,520,7.88,6.47,129,296,187,24.7,0.1,268,-,-,Pasang,Keruh,Normal,Ada,Ada,Tidak,Alaskar,FP/HM,-,-,-,-,-,-
7,1,24,2021-12-31,6:48,6:50,335,7.8,7.24,148,262,170,25.1,0.1,462,-,-,Surut,Keruh,Normal,Ada,TidaK,Tidak,Alaskar,NB,-,-,-,-,-,-
7,1,24,2022-01-01,8:30,8:32,140,7.48,7.45,142,147,95,26.7,0.2,147,-,-,Pasang,Keruh,Normal,Ada,TidaK,Tidak,Alaskar,FK/JK,-,-,-,-,-,-
7,1,24,2022-01-02,8:15,8:17,1140,7.74,7.57,131,306,201,26.8,0.1,>1000,-,-,Pasang,Keruh,Normal,Ada,Ada,Tidak,Alaskar,FP/HM,-,-,-,-,-,-
7,1,24,2022-01-03,8:28,8:30,730,8.19,7.41,136,269,172,26.3,0.1,690,-,-,Pasang,Keruh,Normal,Ada,TidaK,Tidak,Alaskar,HM/PP,-,-,-,-,-,-
7,1,24,2022-01-04,12:10,12:12,360,7.78,7,150,290,188,27.9,0.1,402,-,-,Pasang,Keruh,Normal,Ada,TidaK,Tidak,Alaskar,BK/HM,-,-,-,-,-,-
7,1,24,2022-01-05,11:08,11:10,167,8.5,7.85,204,258,168,27.1,0.1,173,-,-,Pasang,Keruh,Normal,Ada,Ada,Tidak,Alaskar,FP/HM,-,-,-,-,-,-
7,1,24,2022-01-06,8:09,8:11,410,7.68,8.06,157,359,247,25.4,0.2,468,-,-,Pasang,Keruh,Normal,Ada,Ada,Tidak,Alaskar,FR/FP,-,-,-,-,-,-
7,1,24,2022-01-07,6:48,6:50,446,7.64,7.18,155,320,208,24.5,0.1,475,-,-,Surut,Keruh,Normal,Ada,Ada,Tidak,Alaskar,NB/JK,-,-,-,-,-,-
7,1,24,2022-01-08,11:17,11:19,176,8.35,7.31,136,323,210,28.7,0.1,149,-,-,Pasang,Keruh,Normal,Ada,TidaK,Tidak,Alaskar,BK/JK,-,-,-,-,-,-
7,1,24,2022-01-09,7:20,7:22,89,7.93,8.02,130,338,228,25.8,0.2,83.9,-,-,Surut,Agak Keruh,Normal,Tidak,TidaK,Tidak,Alaskar,FP/FR,-,-,-,-,-,-
7,1,24,2022-01-10,10:37,10:39,65,7.75,7.19,141,370,236,28.3,0.1,70.4,-,-,Surut,Keruh,Normal,Tidak,TidaK,Tidak,Alaskar,FP/HM,-,-,-,-,-,-
7,1,24,2022-01-11,10:11,10:13,21,7.63,7.3,182,316,219,27.9,0.2,56.7,-,-,Surut,Agak Keruh,Normal,Tidak,TidaK,Tidak,Alaskar,FP/HM,-,-,-,-,-,-
7,1,24,2022-01-12,13:47,13:49,6800,8.22,7.65,196,321,206,26.9,0.1,>1000,-,-,Pasang,Keruh,Normal,Ada,Ada,Tidak,Alaskar,BK/HM,-,-,-,-,-,-
7,1,24,2022-01-13,10:33,10:35,300,7.72,7.5,110,199,130,28,0.1,341,-,-,Surut,Keruh,Normal,Ada,TidaK,Tidak,Alaskar,NB/HM,-,-,-,-,-,-
7,1,24,2022-01-14,10:07,10:09,1520,8.01,6.85,125,255,166,28.4,0.1,>1000,-,-,Surut,Keruh,Normal,Ada,TidaK,Tidak,Alaskar,FK/JK,-,-,-,-,-,-
7,1,24,2022-01-15,11:40,11:42,310,8.28,7.22,156,235,152,26.6,0.1,432,-,-,Pasang,Keruh,Normal,Ada,Ada,Tidak,Alaskar,BK/JK,-,-,-,-,-,-
7,1,24,2022-01-16,7:04,7:06,128,7.89,7.63,160,323,209,25.2,0.2,122,-,-,Surut,Keruh,Normal,Ada,TidaK,Tidak,Alaskar,FR/FP,-,-,-,-,-,-
7,1,24,2022-01-17,13:58,14:00,350,7.72,6.7,134,263,171,29.1,0.1,322,-,-,Surut,Keruh,Normal,Ada,TidaK,Tidak,Alaskar,FR/FP,-,-,-,-,-,-
7,1,24,2022-01-18,9:58,10:00,102,7.76,7.61,122,248,161,27.7,0.1,119,-,-,Surut,Keruh,Normal,Ada,TidaK,Tidak,Alaskar,BK/FR,-,-,-,-,-,-
7,1,24,2022-01-19,11:41,11:43,402,8.05,7.05,136,373,242,28,0.2,369,-,-,Surut,Keruh,Normal,Ada,TidaK,Tidak,Alaskar,FR/BK/JK,-,-,-,-,-,-
7,1,24,2022-01-20,11:25,11:27,176,7.76,7.55,129,241,157,27.7,0.1,170,-,-,Surut,Keruh,Normal,Ada,TidaK,Tidak,Alaskar,FR/JK,-,-,-,-,-,-
7,1,24,2022-01-21,10:52,10:54,190,8.4,7.44,130,243,158,27.3,0.1,160,-,-,Pasang,Keruh,Normal,Ada,TidaK,Tidak,Alaskar,BK/JK,-,-,-,-,-,-
7,1,24,2022-01-22,13:43,13:45,141,8.2,7.58,192,240,156,26.9,0.1,126,-,-,Pasang,Keruh,Normal,Ada,TidaK,Tidak,Alaskar,BK/JK,-,-,-,-,-,-
7,1,24,2022-01-23,8:52,8:54,46,7.6,7.24,133,337,229,27,0.2,42.8,-,-,Surut,Agak Keruh,Normal,Ada,TidaK,Tidak,Alaskar,FP/HM,-,-,-,-,-,-
7,1,24,2022-01-24,8:48,8:50,42,7.68,7.43,105,310,201,27.9,0.2,37.4,-,-,Surut,Agak Keruh,Normal,Tidak,TidaK,Tidak,Alaskar,FP/JK,-,-,-,-,-,-
7,1,24,2022-01-25,10:10,10:12,27,7.93,7.87,119,259,168,28.1,0.1,30.8,-,-,Surut,Keruh,Normal,Ada,TidaK,Tidak,Alaskar,FR/HM,-,-,-,-,-,-
7,1,24,2022-01-26,9:27,9:29,33,7.6,7.06,148,264,171,27.8,0.1,18.5,-,-,Surut,Agak Keruh,Normal,Tidak,TidaK,Tidak,Alaskar,NB,-,-,-,-,-,-
7,1,24,2022-01-27,10:19,10:21,13,7.59,7.37,140,261,170,27.4,0.1,14.1,-,-,Surut,Normal,Normal,Tidak,Ada,Tidak,Alaskar,HM/JK,-,-,-,-,-,-
7,1,24,2022-01-28,9:00,9:02,155,7.48,7.34,123,255,126,25.7,0.1,200,-,-,Surut,Keruh,Normal,Ada,TidaK,Tidak,Alaskar,HM/PP,-,-,-,-,-,-
7,1,24,2022-01-29,12:33,12:35,16,8.2,7.83,141,317,216,29.9,0.2,14.2,-,-,Surut,Agak Keruh,Normal,Tidak,TidaK,Tidak,Alaskar,FP,-,-,-,-,-,-
7,1,24,2022-01-30,14:20,14:22,24,7.26,7.13,159,281,183,30.4,0.1,34.4,-,-,Surut,Keruh,Normal,Ada,TidaK,Tidak,Alaskar,NB/BK,-,-,-,-,-,-
7,1,24,2022-01-31,11:15,11:17,12,7.6,7.34,124,265,172,28.1,0.1,10.4,-,-,Surut,Normal,Normal,Tidak,TidaK,Tidak,Alaskar,NB/BK,-,-,-,-,-,-
7,1,24,2022-02-01,7:59,8:01,14,6.89,7.06,217,287,179,26.8,0.1,12.3,-,-,Surut,Agak Keruh,Normal,Ada,TidaK,Tidak,Alaskar,FP,-,-,-,-,-,-
7,1,24,2022-02-02,14:22,14:24,13,7.85,7.24,208,339,219,29.6,0.2,12.4,-,-,Surut,Normal,Normal,Ada,Ada,Tidak,Alaskar,FP/HM,-,-,-,-,-,-
7,1,24,2022-02-03,11:24,11:26,23,7.48,7.63,256,268,174,25.1,0.1,26.7,-,-,Surut,Agak Keruh,Normal,Ada,Ada,Tidak,Alaskar,BK/JK,-,-,-,-,-,-
7,1,24,2022-02-04,13:44,13:46,430,8.4,8.02,231,329,210,28.1,0.2,416,-,-,Surut,Keruh,Normal,Ada,Ada,Tidak,Alaskar,FP/HM,-,-,-,-,-,-
7,1,24,2022-02-05,8:05,8:07,112,7.88,7.46,149,389,257,26.7,0.2,107,-,-,Surut,Keruh,Normal,Ada,TidaK,Tidak,Alaskar,FP/HM,-,-,-,-,-,-
7,1,24,2022-02-06,9:50,9:52,46,7.42,7.15,218,236,153,27.3,0.1,43.4,-,-,Surut,Keruh,Normal,Ada,TidaK,Tidak,Alaskar,NB/BK,-,-,-,-,-,-
7,1,24,2022-02-07,10:57,10:59,52,7.46,7.18,220,240,156,28,0.1,50.4,-,-,Surut,Keruh,Normal,Ada,TidaK,Tidak,Alaskar,NB/BK,-,-,-,-,-,-
7,1,24,2022-02-08,9:09,9:11,153,8.08,7.66,224,328,211,27.1,0.2,149,-,-,Surut,Keruh,Normal,Ada,TidaK,Tidak,Alaskar,FP/HM,-,-,-,-,-,-
7,1,24,2022-02-09,9:48,9:50,259,8.37,7.8,206,283,189,26.4,0.1,343,-,-,Surut,Keruh,Normal,Ada,TidaK,Tidak,Alaskar,FP/HM,-,-,-,-,-,-
7,1,24,2022-02-10,9:57,9:59,70,7.13,6.73,200,370,241,27.9,0.2,63.5,-,-,Surut,Keruh,Normal,Ada,TidaK,Tidak,Alaskar,FR/FK,-,-,-,-,-,-
7,1,24,2022-02-11,9:57,9:59,39,7.15,7.56,203,365,237,27.3,0.2,36.3,-,-,Surut,Keruh,Normal,Ada,TidaK,Tidak,Alaskar,FP/HM,-,-,-,-,-,-
7,1,24,2022-02-12,9:12,9:14,690,7.94,8.25,229,285,182,26.9,0.1,674,-,-,Surut,Keruh,Normal,Ada,TidaK,Tidak,Alaskar,FR/FP/HM,-,-,-,-,-,-
7,1,24,2022-02-13,14:45,14:47,320,7.34,7.05,220,288,221,28.1,0.1,340,-,-,Pasang,Keruh,Normal,Ada,TidaK,Tidak,Alaskar,NB/BK/JK,-,-,-,-,-,-
7,1,24,2022-02-14,14:28,14:30,94,7.01,7.14,201,324,210,29.3,0.1,75.4,-,-,Surut,Keruh,Normal,Ada,TidaK,Tidak,Alaskar,NB/BK/JK,-,-,-,-,-,-
7,1,24,2022-02-15,9:15,9:17,69,7.62,7.88,133,307,199,27.2,0.1,76.7,-,-,Surut,Keruh,Normal,Tidak,TidaK,Tidak,Alaskar,FP/JK,-,-,-,-,-,-
7,1,24,2022-02-16,9:00,9:02,98,8.12,7.87,204,362,228,26.6,0.2,102,-,-,Surut,Keruh,Normal,Ada,TidaK,Tidak,Alaskar,FP/JK,-,-,-,-,-,-
7,1,24,2022-02-17,8:50,8:52,110,7.04,7.66,218,354,228,26.2,0.2,126,-,-,Surut,Keruh,Normal,Ada,Ada,Tidak,Alaskar,FP/JK,-,-,-,-,-,-
7,1,24,2022-02-18,7:47,7:49,488,7.85,8.02,216,372,234,25.9,0.2,497,-,-,Pasang,Keruh,Normal,Ada,TidaK,Tidak,Alaskar,FP,-,-,-,-,-,-
7,1,24,2022-02-19,8:02,8:04,2100,8.2,8.02,231,386,246,26.1,0.2,204,-,-,Surut,Keruh,Normal,Ada,Ada,Tidak,Alaskar,FR/FP,-,-,-,-,-,-
7,1,24,2022-02-20,13:35,13:37,1040,7.88,6.8,203,292,190,27.3,0.1,>1000,-,-,Pasang,Keruh,Normal,Ada,Ada,Tidak,Alaskar,FK/JK,-,-,-,-,-,-
7,1,24,2022-02-21,15:06,15:08,112,7.46,7.34,162,276,179,28.2,0.1,103,-,-,Pasang,Keruh,Normal,Ada,TidaK,Tidak,Alaskar,BK,-,-,-,-,-,-
7,1,24,2022-02-22,7:56,7:58,6500,8.47,7.04,219,226,142,24.6,0.1,>1000,-,-,Pasang,Keruh,Normal,Ada,Ada,Tidak,Alaskar,FP/BK,-,-,-,-,-,-
7,1,24,2022-02-23,7:40,7:42,370,7.58,7.59,155,288,187,26,0.1,390,-,-,Pasang,Keruh,Normal,Ada,TidaK,Tidak,Alaskar,FP/BK,-,-,-,-,-,-
7,1,24,2022-02-24,7:39,7:41,1490,8.3,7.89,241,362,228,25.8,0.1,>1000,-,-,Surut,Keruh,Normal,Ada,TidaK,Tidak,Alaskar,FP/BK,-,-,-,-,-,-
7,1,24,2022-02-25,8:14,8:16,1630,8.4,8.02,224,378,238,25.8,0.2,>1000,-,-,Pasang,Keruh,Normal,Ada,Ada,Tidak,Alaskar,FP,-,-,-,-,-,-
7,1,24,2022-02-26,7:52,7:54,150,8.13,7.37,267,241,157,26.4,0.1,153,-,-,Surut,Keruh,Normal,Tidak,TidaK,Tidak,Alaskar,FP/BK,-,-,-,-,-,-
7,1,24,2022-02-27,13:40,13:42,96,7.5,7.32,205,201,126,29.5,0.2,102,-,-,Surut,Keruh,Normal,Tidak,TidaK,Tidak,Alaskar,BK,-,-,-,-,-,-
7,1,24,2022-02-28,7:43,7:45,790,7.95,6.63,186,218,136,25.4,0.1,740,-,-,Pasang,Keruh,Normal,Ada,Ada,Tidak,Alaskar,FP/BK,-,-,-,-,-,-
7,1,24,2022-03-01,13:52,13:54,98,7.74,7.36,168,267,173,29,0.1,105,-,-,Surut,Keruh,Normal,Ada,TidaK,Tidak,Alaskar,BK/JK,-,-,-,-,-,-
7,1,24,2022-03-02,10:23,10:25,1040,7.27,7.33,269,293,190,27.2,0.1,790,-,-,Surut,Keruh,Normal,Ada,TidaK,Tidak,Alaskar,AL/JK,-,-,-,-,-,-
7,1,24,2022-03-03,7:42,7:44,71,7.6,7.58,208,387,243,25.2,0.2,78.5,-,-,Surut,Keruh,Normal,Ada,TidaK,Tidak,Alaskar,FP/JK,-,-,-,-,-,-
7,1,24,2022-03-04,8:44,8:46,630,7.42,7.3,226,375,238,26.1,0.2,616,-,-,Surut,Keruh,Normal,Ada,TidaK,Tidak,Alaskar,FP/HM,-,-,-,-,-,-
7,1,24,2022-03-05,11:24,11:26,235,7.63,7.36,211,412,267,29.6,0.1,274,-,-,Surut,Keruh,Normal,Ada,TidaK,Tidak,Alaskar,FR/HM,-,-,-,-,-,-
7,1,24,2022-03-06,9:08,9:10,98,7.77,7.43,76,268,174,27.6,0.1,108,-,-,Surut,Keruh,Normal,Ada,TidaK,Tidak,Alaskar,NB/BK,-,-,-,-,-,-
7,1,24,2022-03-07,9:59,9:01,69,7.79,7.42,216,240,156,28.5,0.1,52.7,-,-,Surut,Keruh,Normal,Ada,TidaK,Tidak,Alaskar,NB/BK,-,-,-,-,-,-
7,1,24,2022-03-08,10:49,10:51,35,7.86,7.38,198,520,338,27.2,0.2,34.7,-,-,Surut,Agak Keruh,Normal,Ada,TidaK,Tidak,Alaskar,HM/JK,-,-,-,-,-,-
7,1,24,2022-03-09,9:27,9:29,43,8.06,7.18,213,387,251,27.8,0.2,50.4,-,-,Surut,Keruh,Normal,Ada,TidaK,Tidak,Alaskar,NB/HM,-,-,-,-,-,-
7,1,24,2022-03-10,9:39,9:41,235,7.23,7.77,203,266,173,27.7,0.1,166,-,-,Surut,Keruh,Normal,Ada,TidaK,Tidak,Alaskar,NB/HM,-,-,-,-,-,-
7,1,24,2022-03-11,9:25,9:27,477,7.53,8.02,219,267,174,27.5,0.1,405,-,-,Surut,Keruh,Normal,Tidak,TidaK,Tidak,Alaskar,FR/FP/HM,-,-,-,-,-,-
7,1,24,2022-03-12,13:59,14:01,42,7.8,7.7,240,275,179,30.6,0.1,37.9,-,-,Surut,Agak Keruh,Normal,Tidak,Ada,Tidak,Alaskar,FR/FP/HM,-,-,-,-,-,-
7,1,24,2022-03-13,9:59,10:01,216,8.2,7.51,225,278,181,27.6,0.1,219,-,-,Surut,Keruh,Normal,Ada,TidaK,Tidak,Alaskar,NB/BK,-,-,-,-,-,-
7,1,24,2022-03-14,14:26,14:28,237,7.39,7.46,252,278,181,30.2,0.1,241,-,-,Surut,Keruh,Normal,Ada,TidaK,Tidak,Alaskar,NB/BK,-,-,-,-,-,-
7,1,24,2022-03-15,9:33,9:35,296,7.01,6.65,150,291,189,29.9,0.2,300,-,-,Surut,Keruh,Normal,Tidak,TidaK,Tidak,Alaskar,FK/PP,-,-,-,-,-,-
7,1,24,2022-03-16,10:06,10:08,83,8.09,7.49,209,397,243,27.4,0.2,102,-,-,Surut,Keruh,Normal,Tidak,Ada,Tidak,Alaskar,FP/HM,-,-,-,-,-,-
7,1,24,2022-03-17,8:10,8:12,192,8.32,7.62,211,374,242,26.9,0.2,295,-,-,Surut,Keruh,Normal,Ada,Ada,Tidak,Alaskar,FP/HM,-,-,-,-,-,-
7,1,24,2022-03-18,8:30,8:32,252,7.63,7.82,220,281,187,28.1,0.1,374,-,-,Surut,Keruh,Normal,Ada,TidaK,Tidak,Alaskar,FP/HM,-,-,-,-,-,-
7,1,24,2022-03-19,9:52,9:54,440,8.14,7.83,229,347,239,27.9,0.2,426,-,-,Surut,Keruh,Normal,Ada,TidaK,Tidak,Alaskar,FP/HM,-,-,-,-,-,-
7,1,24,2022-03-20,9:56,9:58,153,8.5,7.38,202,228,148,26.5,0.1,236,-,-,Surut,Keruh,Normal,Ada,Ada,Tidak,Alaskar,NB/BK,-,-,-,-,-,-
7,1,24,2022-03-21,9:26,9:28,175,7.53,7.43,84,232,151,27.7,0.1,153,-,-,Surut,Keruh,Normal,Ada,TidaK,Tidak,Alaskar,NB/BK,-,-,-,-,-,-
7,1,24,2022-03-22,9:14,9:16,96,7.76,7.2,244,236,154,27,0.1,104,-,-,Surut,Keruh,Normal,Tidak,TidaK,Tidak,Alaskar,NB/HM,-,-,-,-,-,-
7,1,24,2022-03-23,9:42,9:44,144,8.16,7.12,173,376,231,27.5,0.2,302,-,-,Surut,Normal,Normal,Ada,Ada,Tidak,Alaskar,FP/HM/NB,-,-,-,-,-,-
7,1,24,2022-03-24,9:39,9:41,220,7.68,7.68,234,281,182,27.6,0.1,220,-,-,Surut,Normal,Normal,Ada,TidaK,Tidak,Alaskar,FP/HM,-,-,-,-,-,-
7,1,24,2022-03-25,7:36,7:38,98,8.2,7.66,175,382,246,26.2,0.2,93.2,-,-,Surut,Keruh,Normal,Ada,TidaK,Tidak,Alaskar,FP/HM,-,-,-,-,-,-
7,1,24,2022-03-26,12:42,12:44,58,7.97,7.61,240,374,238,30.6,0.2,54.7,-,-,Surut,Keruh,Normal,Tidak,TidaK,Tidak,Alaskar,FP/HM,-,-,-,-,-,-
7,1,24,2022-03-27,9:56,9:58,22,7.2,7.48,120,266,173,28.4,0.1,19.8,-,-,Surut,Agak Keruh,Normal,Tidak,TidaK,Tidak,Alaskar,BK/JK,-,-,-,-,-,-
7,1,24,2022-03-28,14:10,14:12,18,7.3,7.5,147,268,175,27.9,0.1,15.2,-,-,Surut,Agak Keruh,Normal,Tidak,TidaK,Tidak,Alaskar,BK/JK,-,-,-,-,-,-
7,1,24,2022-03-29,9:15,9:17,48,7.6,7.24,175,260,153,27.3,0.1,40.5,-,-,Surut,Keruh,Normal,Ada,TidaK,Tidak,Alaskar,NB/FK,-,-,-,-,-,-
7,1,24,2022-03-30,9:40,9:42,310,6.68,7.42,98,247,160,27.8,0.1,312,-,-,Pasang,Keruh,Normal,Ada,TidaK,Tidak,Alaskar,NB/JK,-,-,-,-,-,-
7,1,24,2022-03-31,15:58,16:00,170,8.23,7.13,253,370,237,30.9,0.2,164,-,-,Surut,Keruh,Normal,Tidak,TidaK,Tidak,Alaskar,FP/HM,-,-,-,-,-,-
7,1,24,2022-04-01,12:22,12:24,247,7.48,7.47,72,278,180,29.1,0.1,240,-,-,Surut,Keruh,Normal,Tidak,TidaK,Tidak,Alaskar,FK/JK,-,-,-,-,-,-
7,1,24,2022-04-02,9:28,9:30,107,6.56,7.45,80,274,178,28.5,0.1,109,-,-,Surut,Keruh,Normal,Tidak,TidaK,Tidak,Alaskar,NB,-,-,-,-,-,-
7,1,24,2022-04-03,9:20,9:22,47,7.59,7.06,158,342,239,27.3,0.2,48.8,-,-,Surut,Agak Keruh,Normal,Ada,Ada,Tidak,Alaskar,FP/HM,-,-,-,-,-,-
7,1,24,2022-04-04,8:17,8:19,202,8.1,7.86,226,264,170,25.5,0.1,181,-,-,Surut,Keruh,Normal,Ada,Ada,Tidak,Alaskar,FR/FP/HM,-,-,-,-,-,-
7,1,24,2022-04-05,13:31,13:33,104,7.67,7.48,283,275,179,29,0.1,125,-,-,Surut,Keruh,Normal,Ada,TidaK,Tidak,Alaskar,FR/FP/BK,-,-,-,-,-,-
7,1,24,2022-04-06,8:25,8:27,78,7.86,8.12,223,412,268,27.3,0.2,63.9,-,-,Surut,Keruh,Normal,Ada,TidaK,Tidak,Alaskar,FR/FP,-,-,-,-,-,-
7,1,24,2022-04-07,9:39,9:41,70,7.8,7.35,250,268,174,27.3,0.2,84,-,-,Surut,Keruh,Normal,Ada,TidaK,Tidak,Alaskar,FP/NB,-,-,-,-,-,-
7,1,24,2022-04-08,11:06,11:08,47,7.8,7.61,233,260,169,29.1,0.1,48.3,-,-,Surut,Keruh,Normal,Tidak,TidaK,Tidak,Alaskar,FP/PP,-,-,-,-,-,-
7,1,24,2022-04-09,13:08,13:10,16,7.5,7.44,270,284,184,28.4,0.1,16.4,-,-,Surut,Agak Keruh,Normal,Tidak,TidaK,Tidak,Alaskar,NB/BK,-,-,-,-,-,-
7,1,24,2022-04-10,9:40,9:42,53,7.93,7.37,262,461,290,28.7,0.2,49.5,-,-,Surut,Agak Keruh,Normal,Tidak,TidaK,Tidak,Alaskar,FP/HM,-,-,-,-,-,-
7,1,24,2022-04-11,9:07,9:09,18,7.65,7.28,197,485,309,28.6,0.2,14.8,-,-,Surut,Agak Keruh,Normal,Tidak,TidaK,Tidak,Alaskar,FR/FP,-,-,-,-,-,-
7,1,24,2022-04-12,11:18,11:20,190,8.2,6.82,241,465,310,30.9,0.2,206,-,-,Surut,Keruh,Normal,Ada,TidaK,Tidak,Alaskar,FP/HM,-,-,-,-,-,-
7,1,24,2022-04-13,13:38,13:40,16,8.06,7.62,207,269,175,27,0.1,2.8,-,-,Surut,Normal,Normal,Ada,TidaK,Tidak,Alaskar,NB/HM,-,-,-,-,-,-
7,1,24,2022-04-14,9:53,9:55,197,6.97,7.57,110,271,176,28.3,0.1,161,-,-,Surut,Keruh,Normal,Ada,TidaK,Tidak,Alaskar,NB/HM,-,-,-,-,-,-
7,1,24,2022-04-15,9:28,9:30,29,7.45,7.49,178,178,115,26.8,0.1,32.8,-,-,Surut,Agak Keruh,Normal,Tidak,TidaK,Tidak,Alaskar,HM/JK,-,-,-,-,-,-
7,1,24,2022-04-16,8:31,8:33,171,7.42,7.6,224,286,185,27.5,0.1,124,-,-,Surut,Keruh,Normal,Ada,TidaK,Tidak,Alaskar,NB/BK,-,-,-,-,-,-
7,1,24,2022-04-17,8:06,8:08,360,8.07,8.13,231,357,224,26.8,0.2,368,-,-,Pasang,Keruh,Normal,Ada,TidaK,Tidak,Alaskar,FR/FP,-,-,-,-,-,-
7,1,24,2022-04-18,7:39,7:20,256,8.19,7.2,131,224,146,24.4,0.1,136,-,-,Surut,Keruh,Normal,Tidak,TidaK,Tidak,Alaskar,HM,-,-,-,-,-,-
7,1,24,2022-04-19,8:16,8:18,98,7.72,7.52,165,228,149,26.6,0.1,52.4,-,-,Surut,Keruh,Normal,Tidak,TidaK,Tidak,Alaskar,FR/HM,-,-,-,-,-,-
7,1,24,2022-04-20,9:35,9:37,54,8.31,7.54,250,256,166,27.5,0.1,30.4,-,-,Surut,Agak Keruh,Normal,Ada,TidaK,Tidak,Alaskar,FR/JK,-,-,-,-,-,-
7,1,24,2022-04-21,9:15,9:18,39,7.64,7.4,256,237,154,27.1,0.1,17.9,-,-,Surut,Agak Keruh,Normal,Tidak,TidaK,Tidak,Alaskar,FR/HM,-,-,-,-,-,-
7,1,24,2022-04-22,13:07,13:09,3130,8.15,7.38,214,209,135,27.6,0.1,>1000,-,-,Pasang,Keruh,Normal,Ada,Ada,Tidak,Alaskar,BK/JK,-,-,-,-,-,-
7,1,24,2022-04-23,14:52,14:54,149,7.73,7.51,243,223,145,27,0.1,141,-,-,Surut,Keruh,Normal,Ada,TidaK,Tidak,Alaskar,BK/JK,-,-,-,-,-,-
7,1,24,2022-04-24,8:55,8:57,109,7.95,7.39,212,233,151,27.2,0.1,105,-,-,Surut,Keruh,Normal,Ada,TidaK,Tidak,Alaskar,HM,-,-,-,-,-,-
7,1,24,2022-04-25,13:50,13:52,47,8.19,7.18,201,249,163,29.5,0.1,44.2,-,-,Surut,Keruh,Normal,Tidak,Ada,Tidak,Alaskar,FR/HM,-,-,-,-,-,-
7,1,24,2022-04-26,9:56,9:58,171,8.04,7.37,220,245,159,27.6,0.1,140,-,-,Surut,Keruh,Normal,Ada,TidaK,Tidak,Alaskar,NB/HM/JK,-,-,-,-,-,-
7,1,24,2022-04-27,9:38,9:40,5450,8.4,7.15,206,176,114,26.5,0.1,500,-,-,Pasang,Keruh,Normal,Ada,Ada,Tidak,Alaskar,NB/HM,-,-,-,-,-,-
7,1,24,2022-04-28,14:52,14:54,5600,7.85,7.48,277,313,203,26.7,0.2,>1000,-,-,Pasang,Keruh,Normal,Ada,Ada,Tidak,Alaskar,NB/PP/FK,-,-,-,-,-,-
7,1,24,2022-04-29,13:52,13:54,186,8.09,7.11,157,278,180,28.8,0.1,154,-,-,Surut,Keruh,Normal,Ada,TidaK,Tidak,Alaskar,NB/BK,-,-,-,-,-,-
7,1,24,2022-04-30,15:02,15:04,152,7.95,7.14,239,233,152,28.4,0.1,149,-,-,Surut,Keruh,Normal,Ada,TidaK,Tidak,Alaskar,NB/BK,-,-,-,-,-,-
7,1,24,2022-05-01,8:48,8:50,70,8.12,7.88,245,253,166,26.8,0.1,68.1,-,-,Surut,Keruh,Normal,Ada,TidaK,Tidak,Alaskar,FR/FP,-,-,-,-,-,-
7,1,24,2022-05-02,9:47,9:49,30,8.39,7.41,223,269,175,27.4,0.1,27.2,-,-,Surut,Keruh,Normal,Tidak,TidaK,Tidak,Alaskar,NB/BK,-,-,-,-,-,-
7,1,24,2022-05-03,8:19,8:21,16,8.11,7.14,273,258,168,26.1,0.1,14.5,-,-,Surut,Agak Keruh,Normal,Ada,TidaK,Tidak,Alaskar,FP/BK,-,-,-,-,-,-
7,1,24,2022-05-04,9:09,9:11,8,7.65,7.48,172,268,174,28.4,0.1,6.7,-,-,Surut,Normal,Normal,Tidak,TidaK,Tidak,Alaskar,NB/FP,-,-,-,-,-,-
7,1,24,2022-05-05,13:39,13:41,68,8.17,7.21,103,282,183,28.2,0.1,71.2,-,-,Surut,Keruh,Normal,Ada,TidaK,Tidak,Alaskar,BK/JK,-,-,-,-,-,-
7,1,24,2022-05-06,9:59,10:01,39,8.35,7.36,227,296,193,28.9,0.1,38.7,-,-,Surut,Keruh,Normal,Tidak,TidaK,Tidak,Alaskar,NB/BK,-,-,-,-,-,-
7,1,24,2022-05-07,13:50,13:52,73,8.5,7.29,217,296,192,29.4,0.1,71.4,-,-,Surut,Keruh,Normal,Ada,TidaK,Tidak,Alaskar,NB/BK/JK,-,-,-,-,-,-
7,1,24,2022-05-08,9:27,9:29,46,8.45,7.84,211,263,171,28.8,0.1,42.1,-,-,Surut,Agak Keruh,Normal,Ada,TidaK,Tidak,Alaskar,FR/FP,-,-,-,-,-,-
7,1,24,2022-05-09,9:58,10:00,27,7.75,7.13,226,246,156,28.4,0.1,19.7,-,-,Surut,Agak Keruh,Normal,Tidak,Ada,Tidak,Alaskar,FR/FP/HM,-,-,-,-,-,-
7,1,24,2022-05-10,13:34,13:36,776,8.16,7.84,242,316,126,26.8,0.1,>1000,-,-,Pasang,Keruh,Normal,Ada,Ada,Tidak,Alaskar,NB/FP,-,-,-,-,-,-
7,1,24,2022-05-11,10:26,10:28,67,7.04,7.22,137,202,101,27,0.1,64.5,-,-,Surut,Keruh,Normal,Ada,TidaK,Tidak,Alaskar,NB/FP,-,-,-,-,-,-
7,1,24,2022-05-12,15:15,15:17,720,7.86,6.58,193,233,151,27.8,0.1,731,-,-,Pasang,Keruh,Normal,Ada,TidaK,Tidak,Alaskar,NB/FP,-,-,-,-,-,-
7,1,24,2022-05-13,10:49,10:51,169,8.52,7.22,235,294,191,28.6,0.1,165,-,-,Surut,Keruh,Normal,Ada,Ada,Tidak,Alaskar,NB/BK,-,-,-,-,-,-
7,1,24,2022-05-14,9:59,10:01,66,7.54,7.4,212,285,185,27.3,0.1,63.5,-,-,Surut,Keruh,Normal,Ada,TidaK,Tidak,Alaskar,NB/JK,-,-,-,-,-,-
7,1,24,2022-05-15,8:10,8:12,163,8.47,6.02,253,247,160,25.8,0.1,159,-,-,Pasang,Keruh,Normal,Ada,Ada,Tidak,Alaskar,FR/FP,-,-,-,-,-,-
7,1,24,2022-05-16,9:58,10:00,118,8.41,7.3,190,258,166,28.8,0.1,116,-,-,Surut,Keruh,Normal,Tidak,TidaK,Tidak,Alaskar,NB/FR/HM,-,-,-,-,-,-
7,1,24,2022-05-17,10:08,10:10,104,8.18,7.2,192,255,166,28.2,0.1,67.3,-,-,Surut,Keruh,Normal,Tidak,TidaK,Tidak,Alaskar,NB/FR,-,-,-,-,-,-
7,1,24,2022-05-18,10:41,10:43,38,8.15,7.14,195,249,162,27.5,0.1,37.5,-,-,Surut,Keruh,Normal,Ada,TidaK,Tidak,Alaskar,BK/FR,-,-,-,-,-,-
7,1,24,2022-05-19,8:30,8:32,22,8.62,7.2,204,252,164,26.2,0.1,22.1,-,-,Surut,Agak Keruh,Normal,Tidak,TidaK,Tidak,Alaskar,BK/FR,-,-,-,-,-,-
7,1,24,2022-05-20,9:53,9:55,77,7.35,7.15,129,267,174,28.4,0.1,267,-,-,Surut,Keruh,Normal,Tidak,TidaK,Tidak,Alaskar,NB/BK,-,-,-,-,-,-
7,1,24,2022-05-21,7:59,8:01,49,7.29,7.2,188,248,167,26.4,0.1,48.9,-,-,Surut,Keruh,Normal,Ada,TidaK,Tidak,Alaskar,NB/BK,-,-,-,-,-,-
7,1,24,2022-05-22,8:07,8:09,20,8.08,6.89,173,255,166,26.5,0.1,22.3,-,-,Pasang,Keruh,Normal,Ada,TidaK,Tidak,Alaskar,FR/FP,-,-,-,-,-,-
7,1,24,2022-05-23,10:37,10:39,12,8.1,7.13,206,347,220,30.4,0.2,10.5,-,-,Surut,Keruh,Normal,Tidak,TidaK,Tidak,Alaskar,FP/HM,-,-,-,-,-,-
7,1,24,2022-05-24,13:47,13:49,51,8.32,7.25,185,334,217,30.4,0.1,40.1,-,-,Surut,Keruh,Normal,Ada,TidaK,Tidak,Alaskar,NB/FR,-,-,-,-,-,-
7,1,24,2022-05-25,10:10,10:12,10,8.14,7.28,176,272,177,27.3,0.1,12.9,-,-,Surut,Agak Keruh,Normal,Tidak,TidaK,Tidak,Alaskar,NB/BK,-,-,-,-,-,-
7,1,24,2022-05-26,8:11,8:13,13,8.06,7.44,187,273,177,25.9,0.1,11.7,-,-,Surut,Normal,Normal,Ada,TidaK,Tidak,Alaskar,HM/FK,-,-,-,-,-,-
7,1,24,2022-05-27,9:07,9:09,7,8.26,7.87,153,278,180,26.6,0.1,9.1,-,-,Surut,Normal,Normal,Ada,Ada,Tidak,Alaskar,FR/FP,-,-,-,-,-,-
7,1,24,2022-05-28,8:09,8:11,53,8.2,7.83,167,266,174,25.9,0.1,50.8,-,-,Pasang,Keruh,Normal,Ada,TidaK,Tidak,Alaskar,FR/FP,-,-,-,-,-,-
7,1,24,2022-05-29,9:51,9:53,30,8.09,7.11,192,278,180,27.3,0.1,27,-,-,Surut,Keruh,Normal,Ada,TidaK,Tidak,Alaskar,NB/BK,-,-,-,-,-,-
7,1,24,2022-05-30,10:00,10:02,87,7.49,6.83,181,428,279,27.5,0.2,85,-,-,Surut,Keruh,Normal,Tidak,TidaK,Tidak,Alaskar,FK/PP,-,-,-,-,-,-
7,1,24,2022-05-31,7:55,7:57,28,7.47,7.32,193,302,196,26.2,0.1,26.1,-,-,Surut,Agak Keruh,Normal,Tidak,TidaK,Tidak,Alaskar,FP/HM,-,-,-,-,-,-
7,1,24,2022-06-01,9:47,9:49,14,8.47,7.46,211,311,202,28.1,0.1,17.1,-,-,Surut,Agak Keruh,Normal,Tidak,TidaK,Tidak,Alaskar,NB/BK,-,-,-,-,-,-
7,1,24,2022-06-02,13:00,13:02,16,8.22,7.15,203,364,237,29.5,0.1,14.2,-,-,Surut,Normal,Normal,Tidak,TidaK,Tidak,Alaskar,BK/FP,-,-,-,-,-,-
7,1,24,2022-06-03,14:34,14:36,7,8.01,7.44,211,355,231,30.2,0.2,8.7,-,-,Surut,Normal,Normal,Tidak,TidaK,Tidak,Alaskar,FP/HM,-,-,-,-,-,-
7,1,24,2022-06-04,8:56,8:58,7,8.06,7.41,211,326,214,27.9,0.1,8.3,-,-,Surut,Normal,Normal,Tidak,TidaK,Tidak,Alaskar,FP/HM,-,-,-,-,-,-
7,1,24,2022-06-05,9:58,10:00,10,8.05,7.31,172,319,207,26.8,0.1,10.8,-,-,Surut,Normal,Normal,Ada,TidaK,Tidak,Alaskar,NB/BK,-,-,-,-,-,-
7,1,24,2022-06-06,9:48,9:50,67,8.66,7.32,168,315,205,27.7,0.1,64.5,-,-,Surut,Keruh,Normal,Tidak,TidaK,Tidak,Alaskar,BK,-,-,-,-,-,-
7,1,24,2022-06-07,14:10,14:12,2,6.93,7.84,186,355,230,31.3,0.1,1.4,-,-,Surut,Normal,Normal,Tidak,TidaK,Tidak,Alaskar,FR/HM,-,-,-,-,-,-
7,1,24,2022-06-08,9:23,9:25,7,8.1,7.2,190,339,220,27.7,0.2,0.1,-,-,Surut,Normal,Normal,Tidak,TidaK,Tidak,Alaskar,NB/FR,-,-,-,-,-,-
7,1,24,2022-06-09,9:58,10:00,12,7.14,7.24,145,364,236,28.9,0.1,10.5,-,-,Surut,Normal,Normal,Tidak,TidaK,Tidak,Alaskar,NB/FR,-,-,-,-,-,-
7,1,24,2022-06-10,8:15,8:17,7,8.41,7.19,174,355,231,27.2,0.2,4.6,-,-,Surut,Normal,Normal,Tidak,TidaK,Tidak,Alaskar,FR,-,-,-,-,-,-
7,1,24,2022-06-11,8:30,8:32,2,8.35,7.4,102,334,217,27.6,0.2,2.1,-,-,Surut,Normal,Normal,Tidak,TidaK,Tidak,Alaskar,FR/HM,-,-,-,-,-,-
7,1,24,2022-06-12,9:50,9:52,3,7.89,7.5,181,326,212,28,0.1,0,-,-,Surut,Normal,Normal,Tidak,TidaK,Tidak,Alaskar,BK/JK,-,-,-,-,-,-
7,1,24,2022-06-13,9:39,9:41,6,7.94,7.26,182,332,216,27.7,0.1,5,-,-,Surut,Normal,Normal,Tidak,TidaK,Tidak,Alaskar,NB/BK,-,-,-,-,-,-
7,1,24,2022-06-14,9:45,9:47,11,7.41,7.94,123,323,210,27.5,0.1,5.4,-,-,Surut,Normal,Normal,Ada,TidaK,Tidak,Alaskar,NB/HM,-,-,-,-,-,-
7,1,24,2022-06-15,9:29,9:31,21,7.82,7.47,206,338,220,27.3,0.2,8.4,-,-,Surut,Normal,Normal,Ada,TidaK,Tidak,Alaskar,NB/JK,-,-,-,-,-,-
7,1,24,2022-06-16,15:06,15:08,2,7.39,7.15,188,367,239,30.6,0.2,1.6,-,-,Surut,Normal,Normal,Ada,TidaK,Tidak,Alaskar,NB/HM,-,-,-,-,-,-
7,1,24,2022-06-17,8:28,8:30,11,7.25,7.6,204,338,219,26.8,0.2,8.6,-,-,Surut,Normal,Normal,Tidak,TidaK,Tidak,Alaskar,HM,-,-,-,-,-,-
7,1,24,2022-06-18,8:13,8:15,8,7.7,7.26,223,332,216,26.3,0.2,9.4,-,-,Surut,Normal,Normal,Tidak,TidaK,Tidak,Alaskar,FR/HM,-,-,-,-,-,-
7,1,24,2022-06-19,9:53,9:55,248,8.12,7.15,201,289,188,26.5,0.1,150,-,-,Surut,Keruh,Normal,Ada,TidaK,Tidak,Alaskar,NB/BK,-,-,-,-,-,-
7,1,24,2022-06-20,10:47,10:49,152,7.99,7.24,175,248,161,28.1,0.2,160,-,-,Surut,Keruh,Normal,Ada,TidaK,Tidak,Alaskar,NB/BK,-,-,-,-,-,-
7,1,24,2022-06-21,10:19,10:21,28,7.94,7.23,172,337,219,28.6,0.1,15,-,-,Surut,Agak Keruh,Normal,Tidak,TidaK,Tidak,Alaskar,NB/BK,-,-,-,-,-,-
7,1,24,2022-06-22,13:27,13:29,12,7.83,7.24,164,355,230,29.1,0.2,1.1,-,-,Surut,Normal,Normal,Tidak,TidaK,Tidak,Alaskar,BK/FR,-,-,-,-,-,-
7,1,24,2022-06-23,10:04,10:06,59,8.19,7.39,171,358,233,28.7,0.2,63.7,-,-,Surut,Keruh,Normal,Ada,TidaK,Tidak,Alaskar,NB/HM,-,-,-,-,-,-
7,1,24,2022-06-24,8:15,8:17,24,7.85,7.53,168,345,224,25.4,0.2,26.3,-,-,Surut,Keruh,Normal,Tidak,TidaK,Tidak,Alaskar,FR/FP/HM,-,-,-,-,-,-
7,1,24,2022-06-25,8:14,8:16,16,8.11,6.9,103,340,221,25.5,0.2,14,-,-,Surut,Agak Keruh,Normal,Tidak,Ada,Tidak,Alaskar,FR/FP/HM,-,-,-,-,-,-
7,1,24,2022-06-26,10:16,10:18,15,8.09,7.24,188,356,231,27.3,0.2,9.1,-,-,Surut,Normal,Normal,Tidak,TidaK,Tidak,Alaskar,BK/JK,-,-,-,-,-,-
7,1,24,2022-06-27,13:51,13:53,7730,8.3,7.31,193,300,195,26.4,0.1,>1000,-,-,Pasang,Keruh,Normal,Ada,Ada,Tidak,Alaskar,BK/JK,-,-,-,-,-,-
7,1,24,2022-06-28,9:19,9:21,50,7.9,7.52,154,332,216,26.6,0.2,44.9,-,-,Surut,Keruh,Normal,Ada,TidaK,Tidak,Alaskar,NB/FR/HM,-,-,-,-,-,-
7,1,24,2022-06-29,9:41,9:43,27,7.19,7.28,158,333,216,27.2,0.2,23.1,-,-,Surut,Keruh,Normal,Tidak,TidaK,Tidak,Alaskar,NB/FR,-,-,-,-,-,-
7,1,24,2022-06-30,15:18,15:20,58,8.12,7.37,183,396,260,30.8,0.2,12.4,-,-,Surut,Agak Keruh,Normal,Tidak,TidaK,Tidak,Alaskar,FP/HM,-,-,-,-,-,-
7,1,24,2022-07-01,14:06,14:08,5,8.38,7.17,174,366,238,29.2,0.2,2.7,-,-,Surut,Normal,Normal,Tidak,TidaK,Tidak,Alaskar,FP/HM,-,-,-,-,-,-
7,1,24,2022-07-02,7:45,7:47,21,7.8,7.81,173,325,211,25.7,0.2,13.8,-,-,Surut,Normal,Normal,Tidak,Ada,Tidak,Alaskar,FR/FP,-,-,-,-,-,-
7,1,24,2022-07-03,9:37,9:39,16,7.79,7.19,170,319,207,26.9,0.1,17.2,-,-,Surut,Agak Keruh,Normal,Ada,TidaK,Tidak,Alaskar,NB/JK,-,-,-,-,-,-
7,1,24,2022-07-04,14:20,14:22,15,7.38,7.26,189,338,220,29.3,0.1,6.3,-,-,Surut,Normal,Normal,Tidak,TidaK,Tidak,Alaskar,NB/BK,-,-,-,-,-,-
7,1,24,2022-07-05,10:54,10:56,123,7.43,7.25,175,330,214,28.5,0.1,125,-,-,Pasang,Keruh,Normal,Ada,TidaK,Tidak,Alaskar,NB/BK,-,-,-,-,-,-
7,1,24,2022-07-06,14:37,14:39,23,7.64,7.44,175,238,154,28.7,0.1,20.4,-,-,Surut,Agak Keruh,Normal,Ada,TidaK,Tidak,Alaskar,NB/HM,-,-,-,-,-,-
7,1,24,2022-07-07,10:28,10:30,39,8.24,7.4,137,320,207,27.3,0.1,31.8,-,-,Surut,Keruh,Normal,Ada,TidaK,Tidak,Alaskar,FR/HM,-,-,-,-,-,-
7,1,24,2022-07-08,13:39,13:41,29,7.11,8.02,159,331,215,30,0.1,21.2,-,-,Surut,Agak Keruh,Normal,Ada,TidaK,Tidak,Alaskar,FR/FP/HM,-,-,-,-,-,-
7,1,24,2022-07-09,8:16,8:18,32,8.32,6.78,169,337,219,26.9,0.2,15.1,-,-,Surut,Agak Keruh,Normal,Ada,TidaK,Tidak,Alaskar,FR/FP/HM,-,-,-,-,-,-
7,1,24,2022-07-10,9:47,9:49,14,8.55,7.14,169,307,200,26.3,0.1,11.3,-,-,Surut,Normal,Normal,Ada,TidaK,Tidak,Alaskar,NB/FR,-,-,-,-,-,-
7,1,24,2022-07-11,14:13,14:15,11,7.55,7.32,169,322,209,29.6,0.1,10.3,-,-,Surut,Normal,Normal,Tidak,TidaK,Tidak,Alaskar,NB/BK,-,-,-,-,-,-
7,1,24,2022-07-12,13:49,13:51,11,8.62,7.22,157,323,210,28.4,0.1,5.1,-,-,Surut,Normal,Normal,Ada,Ada,Tidak,Alaskar,FR/FP,-,-,-,-,-,-
7,1,24,2022-07-13,14:50,14:52,13,8.52,7.2,139,323,210,28.8,0.1,5.4,-,-,Surut,Normal,Normal,Tidak,TidaK,Tidak,Alaskar,BK/FR,-,-,-,-,-,-
7,1,24,2022-07-14,13:20,13:22,36,7.65,7.21,143,362,236,28,0.2,24.1,-,-,Surut,Agak Keruh,Normal,Ada,Ada,Tidak,Alaskar,BK/FR,-,-,-,-,-,-
7,1,24,2022-07-15,8:39,8:41,5,8.35,8.03,147,307,199,25.2,0.2,0,-,-,Surut,Normal,Normal,Ada,Ada,Tidak,Alaskar,FR/FP/HM,-,-,-,-,-,-
7,1,24,2022-07-16,14:08,14:10,7,8.2,7.12,165,344,223,28.4,0.2,0,-,-,Surut,Normal,Normal,Ada,Ada,Tidak,Alaskar,FR/FP,-,-,-,-,-,-
7,1,24,2022-07-17,9:48,9:50,10,7.94,7.22,187,245,159,28.9,0.1,10.5,-,-,Surut,Normal,Normal,Tidak,TidaK,Tidak,Alaskar,NB/BK,-,-,-,-,-,-
7,1,24,2022-07-18,13:35,13:37,25,8.35,7.31,164,296,193,24.9,0.1,23.1,-,-,Surut,Keruh,Normal,Ada,Ada,Tidak,Alaskar,NB/BK,-,-,-,-,-,-
7,1,24,2022-07-19,14:30,14:32,8,7.4,7.04,165,372,241,29.7,0.2,2.2,-,-,Surut,Normal,Normal,Ada,TidaK,Tidak,Alaskar,NB/FR,-,-,-,-,-,-
7,1,24,2022-07-20,9:39,9:41,6,8.13,7.04,156,314,204,26.9,0.1,0,-,-,Surut,Normal,Normal,Tidak,TidaK,Tidak,Alaskar,NB,-,-,-,-,-,-
7,1,24,2022-07-21,9:45,9:47,4,7.98,7.05,148,254,165,26.9,0.1,0,-,-,Surut,Normal,Normal,Tidak,TidaK,Tidak,Alaskar,NB,-,-,-,-,-,-
7,1,24,2022-07-22,9:46,9:48,7,7.68,7.24,184,275,178,27.5,0.1,0,-,-,Surut,Normal,Normal,Tidak,TidaK,Tidak,Alaskar,NB,-,-,-,-,-,-
7,1,24,2022-07-23,13:48,13:50,6,7.71,7.35,180,336,215,28.4,0.2,4.7,-,-,Surut,Normal,Normal,Tidak,TidaK,Tidak,Alaskar,BK,-,-,-,-,-,-
7,1,24,2022-07-24,9:54,9:56,5,7.87,7.3,170,317,206,27.1,0.1,0,-,-,Surut,Normal,Normal,Ada,TidaK,Tidak,Alaskar,NB/BK,-,-,-,-,-,-
7,1,24,2022-07-25,14:17,14:19,5,7.44,7.2,178,351,228,29.2,0.2,0,-,-,Surut,Normal,Normal,Tidak,TidaK,Tidak,Alaskar,BK/JK,-,-,-,-,-,-
7,1,24,2022-07-26,14:16,14:18,38,8.31,7.21,165,338,219,30.4,0.1,39.8,-,-,Surut,Agak Keruh,Normal,Ada,TidaK,Tidak,Alaskar,BK/FP,-,-,-,-,-,-
7,1,24,2022-07-27,13:36,13:38,23,8.17,7.81,166,349,227,31.9,0.1,21.4,-,-,Surut,Agak Keruh,Normal,Tidak,TidaK,Tidak,Alaskar,FP/HM,-,-,-,-,-,-
7,1,24,2022-07-28,14:02,14:04,26,8.2,7.42,187,365,157,31.6,0.2,6.8,-,-,Surut,Normal,Normal,Tidak,TidaK,Tidak,Alaskar,FP/HM,-,-,-,-,-,-
7,1,24,2022-07-29,14:19,14:21,6,8.27,7.2,197,365,170,31.6,0.2,4.7,-,-,Surut,Normal,Normal,Tidak,TidaK,Tidak,Alaskar,FP/HM,-,-,-,-,-,-
7,1,24,2022-07-30,13:32,13:34,7,7.69,7.21,216,358,253,30.8,0.2,7.3,-,-,Surut,Normal,Normal,Tidak,TidaK,Tidak,Alaskar,FP/HM,-,-,-,-,-,-
7,1,24,2022-07-31,9:29,9:31,9,8.14,7.07,138,326,212,27,0.1,5,-,-,Surut,Normal,Normal,Tidak,TidaK,Tidak,Alaskar,NB/HM,-,-,-,-,-,-
7,1,24,2022-08-01,13:58,14:00,14,7.45,7.4,152,216,140,31.1,0.1,7.5,-,-,Surut,Normal,Normal,Ada,TidaK,Tidak,Alaskar,NB/JK,-,-,-,-,-,-
7,1,24,2022-08-02,14:14,14:16,8,8.22,7.15,123,382,244,30,0.1,3.6,-,-,Surut,Normal,Normal,Tidak,TidaK,Tidak,Alaskar,NB/BK/HM,-,-,-,-,-,-
7,1,24,2022-08-03,14:31,14:33,9,8.16,7.57,125,386,250,30.5,0.2,2.3,-,-,Surut,Normal,Normal,Tidak,TidaK,Tidak,Alaskar,BK/HM,-,-,-,-,-,-
7,1,24,2022-08-04,11:20,11:22,9,8.11,7.48,165,342,222,27.2,0.2,12.6,-,-,Surut,Normal,Normal,Tidak,TidaK,Tidak,Alaskar,BK/HM,-,-,-,-,-,-
7,1,24,2022-08-05,14:36,14:38,2,7.94,7.33,140,275,178,28.7,0.1,0,-,-,Surut,Normal,Normal,Tidak,TidaK,Tidak,Alaskar,NB/FP,-,-,-,-,-,-
7,1,24,2022-08-06,8:14,8:16,35,8.51,7.49,132,386,251,25.6,0.2,37.9,-,-,Surut,Agak Keruh,Normal,Ada,TidaK,Tidak,Alaskar,FR/FP,-,-,-,-,-,-
7,1,24,2022-08-07,9:26,9:28,24,8.13,7.36,150,325,211,27.1,0.1,13.1,-,-,Surut,Agak Keruh,Normal,Ada,TidaK,Tidak,Alaskar,NB/JK,-,-,-,-,-,-
7,1,24,2022-08-08,12:22,12:24,24,7.2,7.65,129,343,223,27.4,0.2,9.6,-,-,Surut,Normal,Normal,Ada,TidaK,Tidak,Alaskar,NB/JK,-,-,-,-,-,-
7,1,24,2022-08-09,9:58,10:00,15,7.64,7.05,144,299,194,27.5,0.1,8.6,-,-,Surut,Normal,Normal,Ada,TidaK,Tidak,Alaskar,NB/JK,-,-,-,-,-,-
7,1,24,2022-08-10,14:11,14:13,6,7.65,7.59,197,368,224,30.6,0.2,3.6,-,-,Surut,Normal,Normal,Tidak,TidaK,Tidak,Alaskar,FR/FP/HM,-,-,-,-,-,-
7,1,24,2022-08-11,9:36,9:38,3,7.96,7.14,160,270,175,28,0.1,0,-,-,Surut,Normal,Normal,Tidak,TidaK,Tidak,Alaskar,NB/FP,-,-,-,-,-,-
7,1,24,2022-08-12,14:06,14:08,6,8.3,7.19,100,196,127,32.4,0.2,2.3,-,-,Surut,Normal,Normal,Ada,TidaK,Tidak,Alaskar,NB/BK/JK,-,-,-,-,-,-
7,1,24,2022-08-13,13:48,13:50,7,7.85,7.2,175,295,191,29.8,0.1,5.8,-,-,Surut,Normal,Normal,Tidak,TidaK,Tidak,Alaskar,NB/BK,-,-,-,-,-,-
7,1,24,2022-08-14,14:28,14:30,9,8.2,7.43,187,369,232,29.4,0.2,10.2,-,-,Surut,Normal,Normal,Ada,TidaK,Tidak,Alaskar,FR/FP/HM,-,-,-,-,-,-
7,1,24,2022-08-15,8:59,9:01,26,8.39,7.19,108,338,221,24.6,0.2,23,-,-,Surut,Agak Keruh,Normal,Ada,Ada,Tidak,Alaskar,FP/HM,-,-,-,-,-,-
7,1,24,2022-08-16,10:23,10:25,21,8.5,7.13,197,374,237,26.9,0.2,20.5,-,-,Surut,Agak Keruh,Normal,Ada,Ada,Tidak,Alaskar,FP/HM,-,-,-,-,-,-
7,1,24,2022-08-17,11:12,11:14,13,7.81,7.11,207,384,246,30.1,0.2,12.4,-,-,Surut,Agak Keruh,Normal,Ada,TidaK,Tidak,Alaskar,FP/HM,-,-,-,-,-,-
7,1,24,2022-08-18,14:42,14:44,1190,8.25,8.09,106,471,309,23.9,0.2,>1000,-,-,Surut,Keruh,Normal,Tidak,Ada,Tidak,Alaskar,FP/HM,-,-,-,-,-,-
7,1,24,2022-08-19,14:12,14:14,67,7.83,7.6,190,340,221,28.7,0.1,52.4,-,-,Surut,Keruh,Normal,Ada,TidaK,Tidak,Alaskar,BK/JK,-,-,-,-,-,-
7,1,24,2022-08-20,13:59,14:01,27,7.82,7.28,264,366,237,29.3,0.1,29,-,-,Surut,Keruh,Normal,Tidak,TidaK,Tidak,Alaskar,NB/BK,-,-,-,-,-,-
7,1,24,2022-08-21,8:16,8:18,3,8.16,7.14,197,396,249,26.7,0.2,2.6,-,-,Surut,Normal,Normal,Tidak,TidaK,Tidak,Alaskar,FR/FP/HM,-,-,-,-,-,-
7,1,24,2022-08-22,14:08,14:10,5,8.26,7.04,216,382,271,30.6,0.2,2.9,-,-,Surut,Normal,Normal,Tidak,TidaK,Tidak,Alaskar,FR/FP/HM,-,-,-,-,-,-
7,1,24,2022-08-23,14:03,14:05,19,8.41,7.67,209,402,258,28.6,0.2,18.7,-,-,Surut,Agak Keruh,Normal,Ada,TidaK,Tidak,Alaskar,FP/HM,-,-,-,-,-,-
7,1,24,2022-08-24,13:19,13:21,12,7.65,7.3,150,420,273,29.4,0.2,10.4,-,-,Surut,Normal,Normal,Tidak,TidaK,Tidak,Alaskar,NB/FP,-,-,-,-,-,-
7,1,24,2022-08-25,14:04,14:06,118,8.46,7.35,147,310,200,31.8,0.1,117,-,-,Surut,Keruh,Normal,Ada,TidaK,Tidak,Alaskar,FR/JK,-,-,-,-,-,-
7,1,24,2022-08-26,13:57,13:59,51,7.04,7.45,190,299,194,31.2,0.1,67.5,-,-,Surut,Keruh,Normal,Ada,TidaK,Tidak,Alaskar,NB/JK,-,-,-,-,-,-
7,1,24,2022-08-27,13:27,13:29,53,7.94,7.32,129,337,218,29.7,0.1,48.7,-,-,Surut,Keruh,Normal,Ada,TidaK,Tidak,Alaskar,NB/BK,-,-,-,-,-,-
7,1,24,2022-08-28,9:03,9:05,44,8.27,7.16,188,282,183,25.8,0.1,42.3,-,-,Surut,Agak Keruh,Normal,Ada,TidaK,Tidak,Alaskar,FP/HM,-,-,-,-,-,-
